Workbook

Sheet Tabellone
A1: TABELLONE BOLLETTE - live | AB1: Aggiornato: | AD1: =Config!$B$2
A2: Per ogni scommessa: ✔ entrambe passano / ✖ no. Sfondo pieno = esito DEFINITIVO (verde vinta, rosso persa).
A4: BOLLETTA 1 (5.40€) | G4: BOLLETTA 2 (5.40€) | M4: BOLLETTA 3 (2.70€) | S4: BOLLETTA 4 (7.20€) | Y4: BOLLETTA 5 (16.20€) | AE4: BOLLETTA 6 (10.80€) | AK4: BOLLETTA 7 (10.80€) | AQ4: BOLLETTA 8 (2.70€) | AW4: BOLLETTA 9 (2.70€)
A5: Gir | B5: Coppia | C5: Q | D5: ✔ | G5: Gir | H5: Coppia | I5: Q | J5: ✔ | M5: Gir | N5: Coppia | O5: Q | P5: ✔ | S5: Gir | T5: Coppia | U5: Q | V5: ✔ | Y5: Gir | Z5: Coppia | AA5: Q | AB5: ✔ | AE5: Gir | AF5: Coppia | AG5: Q | AH5: ✔ | AK5: Gir | AL5: Coppia | AM5: Q | AN5: ✔ | AQ5: Gir | AR5: Coppia | AS5: Q | AT5: ✔ | AW5: Gir | AX5: Coppia | AY5: Q | AZ5: ✔
A6: =Scommesse!$C$2 | B6: =Scommesse!$D$2&" / "&Scommesse!$E$2 | C6: =Scommesse!$F$2 | D6: =IF(Scommesse!$S$2>0,"✔","") | E6: =Calcoli!$I$2 | G6: =Scommesse!$C$19 | H6: =Scommesse!$D$19&" / "&Scommesse!$E$19 | I6: =Scommesse!$F$19 | J6: =IF(Scommesse!$S$19>0,"✔","") | K6: =Calcoli!$I$12 | M6: =Scommesse!$C$36 | N6: =Scommesse!$D$36&" / "&Scommesse!$E$36 | O6: =Scommesse!$F$36 | P6: =IF(Scommesse!$S$36>0,"✔","") | Q6: =Calcoli!$I$22 | S6: =Scommesse!$C$51 | T6: =Scommesse!$D$51&" / "&Scommesse!$E$51 | U6: =Scommesse!$F$51 | V6: =IF(Scommesse!$S$51>0,"✔","") | W6: =Calcoli!$I$32 | Y6: =Scommesse!$C$67 | Z6: =Scommesse!$D$67&" / "&Scommesse!$E$67 | AA6: =Scommesse!$F$67 | AB6: =IF(Scommesse!$S$67>0,"✔","") | AC6: =Calcoli!$I$42 | AE6: =Scommesse!$C$84 | AF6: =Scommesse!$D$84&" / "&Scommesse!$E$84 | AG6: =Scommesse!$F$84 | AH6: =IF(Scommesse!$S$84>0,"✔","") | AI6: =Calcoli!$I$52 | AK6: =Scommesse!$C$101 | AL6: =Scommesse!$D$101&" / "&Scommesse!$E$101 | AM6: =Scommesse!$F$101 | AN6: =IF(Scommesse!$S$101>0,"✔","") | AO6: =Calcoli!$I$62 | AQ6: =Scommesse!$C$118 | AR6: =Scommesse!$D$118&" / "&Scommesse!$E$118 | AS6: =Scommesse!$F$118 | AT6: =IF(Scommesse!$S$118>0,"✔","") | AU6: =Calcoli!$I$72 | AW6: =Scommesse!$C$135 | AX6: =Scommesse!$D$135&" / "&Scommesse!$E$135 | AY6: =Scommesse!$F$135 | AZ6: =IF(Scommesse!$S$135>0,"✔","") | BA6: =Calcoli!$I$82
A7: =Scommesse!$C$3 | B7: =Scommesse!$D$3&" / "&Scommesse!$E$3 | C7: =Scommesse!$F$3 | D7: =IF(Scommesse!$S$3>0,"✔","") | E7: =Calcoli!$I$4 | G7: =Scommesse!$C$20 | H7: =Scommesse!$D$20&" / "&Scommesse!$E$20 | I7: =Scommesse!$F$20 | J7: =IF(Scommesse!$S$20>0,"✔","") | K7: =Calcoli!$I$14 | M7: =Scommesse!$C$37 | N7: =Scommesse!$D$37&" / "&Scommesse!$E$37 | O7: =Scommesse!$F$37 | P7: =IF(Scommesse!$S$37>0,"✔","") | Q7: =Calcoli!$I$24 | S7: =Scommesse!$C$52 | T7: =Scommesse!$D$52&" / "&Scommesse!$E$52 | U7: =Scommesse!$F$52 | V7: =IF(Scommesse!$S$52>0,"✔","") | W7: =Calcoli!$I$34 | Y7: =Scommesse!$C$68 | Z7: =Scommesse!$D$68&" / "&Scommesse!$E$68 | AA7: =Scommesse!$F$68 | AB7: =IF(Scommesse!$S$68>0,"✔","") | AC7: =Calcoli!$I$44 | AE7: =Scommesse!$C$85 | AF7: =Scommesse!$D$85&" / "&Scommesse!$E$85 | AG7: =Scommesse!$F$85 | AH7: =IF(Scommesse!$S$85>0,"✔","") | AI7: =Calcoli!$I$54 | AK7: =Scommesse!$C$102 | AL7: =Scommesse!$D$102&" / "&Scommesse!$E$102 | AM7: =Scommesse!$F$102 | AN7: =IF(Scommesse!$S$102>0,"✔","") | AO7: =Calcoli!$I$64 | AQ7: =Scommesse!$C$119 | AR7: =Scommesse!$D$119&" / "&Scommesse!$E$119 | AS7: =Scommesse!$F$119 | AT7: =IF(Scommesse!$S$119>0,"✔","") | AU7: =Calcoli!$I$74 | AW7: =Scommesse!$C$136 | AX7: =Scommesse!$D$136&" / "&Scommesse!$E$136 | AY7: =Scommesse!$F$136 | AZ7: =IF(Scommesse!$S$136>0,"✔","") | BA7: =Calcoli!$I$84
A8: =Scommesse!$C$4 | B8: =Scommesse!$D$4&" / "&Scommesse!$E$4 | C8: =Scommesse!$F$4 | D8: =IF(Scommesse!$S$4>0,"✔","") | E8: =Calcoli!$I$5 | G8: =Scommesse!$C$21 | H8: =Scommesse!$D$21&" / "&Scommesse!$E$21 | I8: =Scommesse!$F$21 | J8: =IF(Scommesse!$S$21>0,"✔","") | K8: =Calcoli!$I$15 | M8: =Scommesse!$C$38 | N8: =Scommesse!$D$38&" / "&Scommesse!$E$38 | O8: =Scommesse!$F$38 | P8: =IF(Scommesse!$S$38>0,"✔","") | Q8: =Calcoli!$I$25 | S8: =Scommesse!$C$53 | T8: =Scommesse!$D$53&" / "&Scommesse!$E$53 | U8: =Scommesse!$F$53 | V8: =IF(Scommesse!$S$53>0,"✔","") | W8: =Calcoli!$I$35 | Y8: =Scommesse!$C$69 | Z8: =Scommesse!$D$69&" / "&Scommesse!$E$69 | AA8: =Scommesse!$F$69 | AB8: =IF(Scommesse!$S$69>0,"✔","") | AC8: =Calcoli!$I$45 | AE8: =Scommesse!$C$86 | AF8: =Scommesse!$D$86&" / "&Scommesse!$E$86 | AG8: =Scommesse!$F$86 | AH8: =IF(Scommesse!$S$86>0,"✔","") | AI8: =Calcoli!$I$55 | AK8: =Scommesse!$C$103 | AL8: =Scommesse!$D$103&" / "&Scommesse!$E$103 | AM8: =Scommesse!$F$103 | AN8: =IF(Scommesse!$S$103>0,"✔","") | AO8: =Calcoli!$I$65 | AQ8: =Scommesse!$C$120 | AR8: =Scommesse!$D$120&" / "&Scommesse!$E$120 | AS8: =Scommesse!$F$120 | AT8: =IF(Scommesse!$S$120>0,"✔","") | AU8: =Calcoli!$I$75 | AW8: =Scommesse!$C$137 | AX8: =Scommesse!$D$137&" / "&Scommesse!$E$137 | AY8: =Scommesse!$F$137 | AZ8: =IF(Scommesse!$S$137>0,"✔","") | BA8: =Calcoli!$I$85
A9: =Scommesse!$C$5 | B9: =Scommesse!$D$5&" / "&Scommesse!$E$5 | C9: =Scommesse!$F$5 | D9: =IF(Scommesse!$S$5>0,"✔","") | E9: =Calcoli!$I$5 | G9: =Scommesse!$C$22 | H9: =Scommesse!$D$22&" / "&Scommesse!$E$22 | I9: =Scommesse!$F$22 | J9: =IF(Scommesse!$S$22>0,"✔","") | K9: =Calcoli!$I$15 | M9: =Scommesse!$C$39 | N9: =Scommesse!$D$39&" / "&Scommesse!$E$39 | O9: =Scommesse!$F$39 | P9: =IF(Scommesse!$S$39>0,"✔","") | Q9: =Calcoli!$I$25 | S9: =Scommesse!$C$54 | T9: =Scommesse!$D$54&" / "&Scommesse!$E$54 | U9: =Scommesse!$F$54 | V9: =IF(Scommesse!$S$54>0,"✔","") | W9: =Calcoli!$I$35 | Y9: =Scommesse!$C$70 | Z9: =Scommesse!$D$70&" / "&Scommesse!$E$70 | AA9: =Scommesse!$F$70 | AB9: =IF(Scommesse!$S$70>0,"✔","") | AC9: =Calcoli!$I$45 | AE9: =Scommesse!$C$87 | AF9: =Scommesse!$D$87&" / "&Scommesse!$E$87 | AG9: =Scommesse!$F$87 | AH9: =IF(Scommesse!$S$87>0,"✔","") | AI9: =Calcoli!$I$55 | AK9: =Scommesse!$C$104 | AL9: =Scommesse!$D$104&" / "&Scommesse!$E$104 | AM9: =Scommesse!$F$104 | AN9: =IF(Scommesse!$S$104>0,"✔","") | AO9: =Calcoli!$I$65 | AQ9: =Scommesse!$C$121 | AR9: =Scommesse!$D$121&" / "&Scommesse!$E$121 | AS9: =Scommesse!$F$121 | AT9: =IF(Scommesse!$S$121>0,"✔","") | AU9: =Calcoli!$I$75 | AW9: =Scommesse!$C$138 | AX9: =Scommesse!$D$138&" / "&Scommesse!$E$138 | AY9: =Scommesse!$F$138 | AZ9: =IF(Scommesse!$S$138>0,"✔","") | BA9: =Calcoli!$I$85
A10: =Scommesse!$C$6 | B10: =Scommesse!$D$6&" / "&Scommesse!$E$6 | C10: =Scommesse!$F$6 | D10: =IF(Scommesse!$S$6>0,"✔","") | E10: =Calcoli!$I$5 | G10: =Scommesse!$C$23 | H10: =Scommesse!$D$23&" / "&Scommesse!$E$23 | I10: =Scommesse!$F$23 | J10: =IF(Scommesse!$S$23>0,"✔","") | K10: =Calcoli!$I$15 | M10: =Scommesse!$C$40 | N10: =Scommesse!$D$40&" / "&Scommesse!$E$40 | O10: =Scommesse!$F$40 | P10: =IF(Scommesse!$S$40>0,"✔","") | Q10: =Calcoli!$I$25 | S10: =Scommesse!$C$55 | T10: =Scommesse!$D$55&" / "&Scommesse!$E$55 | U10: =Scommesse!$F$55 | V10: =IF(Scommesse!$S$55>0,"✔","") | W10: =Calcoli!$I$35 | Y10: =Scommesse!$C$71 | Z10: =Scommesse!$D$71&" / "&Scommesse!$E$71 | AA10: =Scommesse!$F$71 | AB10: =IF(Scommesse!$S$71>0,"✔","") | AC10: =Calcoli!$I$45 | AE10: =Scommesse!$C$88 | AF10: =Scommesse!$D$88&" / "&Scommesse!$E$88 | AG10: =Scommesse!$F$88 | AH10: =IF(Scommesse!$S$88>0,"✔","") | AI10: =Calcoli!$I$55 | AK10: =Scommesse!$C$105 | AL10: =Scommesse!$D$105&" / "&Scommesse!$E$105 | AM10: =Scommesse!$F$105 | AN10: =IF(Scommesse!$S$105>0,"✔","") | AO10: =Calcoli!$I$65 | AQ10: =Scommesse!$C$122 | AR10: =Scommesse!$D$122&" / "&Scommesse!$E$122 | AS10: =Scommesse!$F$122 | AT10: =IF(Scommesse!$S$122>0,"✔","") | AU10: =Calcoli!$I$75 | AW10: =Scommesse!$C$139 | AX10: =Scommesse!$D$139&" / "&Scommesse!$E$139 | AY10: =Scommesse!$F$139 | AZ10: =IF(Scommesse!$S$139>0,"✔","") | BA10: =Calcoli!$I$85
A11: =Scommesse!$C$7 | B11: =Scommesse!$D$7&" / "&Scommesse!$E$7 | C11: =Scommesse!$F$7 | D11: =IF(Scommesse!$S$7>0,"✔","") | E11: =Calcoli!$I$3 | G11: =Scommesse!$C$24 | H11: =Scommesse!$D$24&" / "&Scommesse!$E$24 | I11: =Scommesse!$F$24 | J11: =IF(Scommesse!$S$24>0,"✔","") | K11: =Calcoli!$I$13 | M11: =Scommesse!$C$41 | N11: =Scommesse!$D$41&" / "&Scommesse!$E$41 | O11: =Scommesse!$F$41 | P11: =IF(Scommesse!$S$41>0,"✔","") | Q11: =Calcoli!$I$23 | S11: =Scommesse!$C$56 | T11: =Scommesse!$D$56&" / "&Scommesse!$E$56 | U11: =Scommesse!$F$56 | V11: =IF(Scommesse!$S$56>0,"✔","") | W11: =Calcoli!$I$33 | Y11: =Scommesse!$C$72 | Z11: =Scommesse!$D$72&" / "&Scommesse!$E$72 | AA11: =Scommesse!$F$72 | AB11: =IF(Scommesse!$S$72>0,"✔","") | AC11: =Calcoli!$I$43 | AE11: =Scommesse!$C$89 | AF11: =Scommesse!$D$89&" / "&Scommesse!$E$89 | AG11: =Scommesse!$F$89 | AH11: =IF(Scommesse!$S$89>0,"✔","") | AI11: =Calcoli!$I$53 | AK11: =Scommesse!$C$106 | AL11: =Scommesse!$D$106&" / "&Scommesse!$E$106 | AM11: =Scommesse!$F$106 | AN11: =IF(Scommesse!$S$106>0,"✔","") | AO11: =Calcoli!$I$63 | AQ11: =Scommesse!$C$123 | AR11: =Scommesse!$D$123&" / "&Scommesse!$E$123 | AS11: =Scommesse!$F$123 | AT11: =IF(Scommesse!$S$123>0,"✔","") | AU11: =Calcoli!$I$73 | AW11: =Scommesse!$C$140 | AX11: =Scommesse!$D$140&" / "&Scommesse!$E$140 | AY11: =Scommesse!$F$140 | AZ11: =IF(Scommesse!$S$140>0,"✔","") | BA11: =Calcoli!$I$83
A12: =Scommesse!$C$8 | B12: =Scommesse!$D$8&" / "&Scommesse!$E$8 | C12: =Scommesse!$F$8 | D12: =IF(Scommesse!$S$8>0,"✔","") | E12: =Calcoli!$I$3 | G12: =Scommesse!$C$25 | H12: =Scommesse!$D$25&" / "&Scommesse!$E$25 | I12: =Scommesse!$F$25 | J12: =IF(Scommesse!$S$25>0,"✔","") | K12: =Calcoli!$I$13 | M12: =Scommesse!$C$42 | N12: =Scommesse!$D$42&" / "&Scommesse!$E$42 | O12: =Scommesse!$F$42 | P12: =IF(Scommesse!$S$42>0,"✔","") | Q12: =Calcoli!$I$23 | S12: =Scommesse!$C$57 | T12: =Scommesse!$D$57&" / "&Scommesse!$E$57 | U12: =Scommesse!$F$57 | V12: =IF(Scommesse!$S$57>0,"✔","") | W12: =Calcoli!$I$33 | Y12: =Scommesse!$C$73 | Z12: =Scommesse!$D$73&" / "&Scommesse!$E$73 | AA12: =Scommesse!$F$73 | AB12: =IF(Scommesse!$S$73>0,"✔","") | AC12: =Calcoli!$I$43 | AE12: =Scommesse!$C$90 | AF12: =Scommesse!$D$90&" / "&Scommesse!$E$90 | AG12: =Scommesse!$F$90 | AH12: =IF(Scommesse!$S$90>0,"✔","") | AI12: =Calcoli!$I$53 | AK12: =Scommesse!$C$107 | AL12: =Scommesse!$D$107&" / "&Scommesse!$E$107 | AM12: =Scommesse!$F$107 | AN12: =IF(Scommesse!$S$107>0,"✔","") | AO12: =Calcoli!$I$63 | AQ12: =Scommesse!$C$124 | AR12: =Scommesse!$D$124&" / "&Scommesse!$E$124 | AS12: =Scommesse!$F$124 | AT12: =IF(Scommesse!$S$124>0,"✔","") | AU12: =Calcoli!$I$73 | AW12: =Scommesse!$C$141 | AX12: =Scommesse!$D$141&" / "&Scommesse!$E$141 | AY12: =Scommesse!$F$141 | AZ12: =IF(Scommesse!$S$141>0,"✔","") | BA12: =Calcoli!$I$83
A13: =Scommesse!$C$9 | B13: =Scommesse!$D$9&" / "&Scommesse!$E$9 | C13: =Scommesse!$F$9 | D13: =IF(Scommesse!$S$9>0,"✔","") | E13: =Calcoli!$I$3 | G13: =Scommesse!$C$26 | H13: =Scommesse!$D$26&" / "&Scommesse!$E$26 | I13: =Scommesse!$F$26 | J13: =IF(Scommesse!$S$26>0,"✔","") | K13: =Calcoli!$I$13 | M13: =Scommesse!$C$43 | N13: =Scommesse!$D$43&" / "&Scommesse!$E$43 | O13: =Scommesse!$F$43 | P13: =IF(Scommesse!$S$43>0,"✔","") | Q13: =Calcoli!$I$23 | S13: =Scommesse!$C$58 | T13: =Scommesse!$D$58&" / "&Scommesse!$E$58 | U13: =Scommesse!$F$58 | V13: =IF(Scommesse!$S$58>0,"✔","") | W13: =Calcoli!$I$33 | Y13: =Scommesse!$C$74 | Z13: =Scommesse!$D$74&" / "&Scommesse!$E$74 | AA13: =Scommesse!$F$74 | AB13: =IF(Scommesse!$S$74>0,"✔","") | AC13: =Calcoli!$I$43 | AE13: =Scommesse!$C$91 | AF13: =Scommesse!$D$91&" / "&Scommesse!$E$91 | AG13: =Scommesse!$F$91 | AH13: =IF(Scommesse!$S$91>0,"✔","") | AI13: =Calcoli!$I$53 | AK13: =Scommesse!$C$108 | AL13: =Scommesse!$D$108&" / "&Scommesse!$E$108 | AM13: =Scommesse!$F$108 | AN13: =IF(Scommesse!$S$108>0,"✔","") | AO13: =Calcoli!$I$63 | AQ13: =Scommesse!$C$125 | AR13: =Scommesse!$D$125&" / "&Scommesse!$E$125 | AS13: =Scommesse!$F$125 | AT13: =IF(Scommesse!$S$125>0,"✔","") | AU13: =Calcoli!$I$73 | AW13: =Scommesse!$C$142 | AX13: =Scommesse!$D$142&" / "&Scommesse!$E$142 | AY13: =Scommesse!$F$142 | AZ13: =IF(Scommesse!$S$142>0,"✔","") | BA13: =Calcoli!$I$83
A14: =Scommesse!$C$10 | B14: =Scommesse!$D$10&" / "&Scommesse!$E$10 | C14: =Scommesse!$F$10 | D14: =IF(Scommesse!$S$10>0,"✔","") | E14: =Calcoli!$I$8 | G14: =Scommesse!$C$27 | H14: =Scommesse!$D$27&" / "&Scommesse!$E$27 | I14: =Scommesse!$F$27 | J14: =IF(Scommesse!$S$27>0,"✔","") | K14: =Calcoli!$I$18 | M14: =Scommesse!$C$44 | N14: =Scommesse!$D$44&" / "&Scommesse!$E$44 | O14: =Scommesse!$F$44 | P14: =IF(Scommesse!$S$44>0,"✔","") | Q14: =Calcoli!$I$28 | S14: =Scommesse!$C$59 | T14: =Scommesse!$D$59&" / "&Scommesse!$E$59 | U14: =Scommesse!$F$59 | V14: =IF(Scommesse!$S$59>0,"✔","") | W14: =Calcoli!$I$38 | Y14: =Scommesse!$C$75 | Z14: =Scommesse!$D$75&" / "&Scommesse!$E$75 | AA14: =Scommesse!$F$75 | AB14: =IF(Scommesse!$S$75>0,"✔","") | AC14: =Calcoli!$I$48 | AE14: =Scommesse!$C$92 | AF14: =Scommesse!$D$92&" / "&Scommesse!$E$92 | AG14: =Scommesse!$F$92 | AH14: =IF(Scommesse!$S$92>0,"✔","") | AI14: =Calcoli!$I$58 | AK14: =Scommesse!$C$109 | AL14: =Scommesse!$D$109&" / "&Scommesse!$E$109 | AM14: =Scommesse!$F$109 | AN14: =IF(Scommesse!$S$109>0,"✔","") | AO14: =Calcoli!$I$68 | AQ14: =Scommesse!$C$126 | AR14: =Scommesse!$D$126&" / "&Scommesse!$E$126 | AS14: =Scommesse!$F$126 | AT14: =IF(Scommesse!$S$126>0,"✔","") | AU14: =Calcoli!$I$78 | AW14: =Scommesse!$C$143 | AX14: =Scommesse!$D$143&" / "&Scommesse!$E$143 | AY14: =Scommesse!$F$143 | AZ14: =IF(Scommesse!$S$143>0,"✔","") | BA14: =Calcoli!$I$88
A15: =Scommesse!$C$11 | B15: =Scommesse!$D$11&" / "&Scommesse!$E$11 | C15: =Scommesse!$F$11 | D15: =IF(Scommesse!$S$11>0,"✔","") | E15: =Calcoli!$I$7 | G15: =Scommesse!$C$28 | H15: =Scommesse!$D$28&" / "&Scommesse!$E$28 | I15: =Scommesse!$F$28 | J15: =IF(Scommesse!$S$28>0,"✔","") | K15: =Calcoli!$I$17 | M15: =Scommesse!$C$45 | N15: =Scommesse!$D$45&" / "&Scommesse!$E$45 | O15: =Scommesse!$F$45 | P15: =IF(Scommesse!$S$45>0,"✔","") | Q15: =Calcoli!$I$27 | S15: =Scommesse!$C$60 | T15: =Scommesse!$D$60&" / "&Scommesse!$E$60 | U15: =Scommesse!$F$60 | V15: =IF(Scommesse!$S$60>0,"✔","") | W15: =Calcoli!$I$37 | Y15: =Scommesse!$C$76 | Z15: =Scommesse!$D$76&" / "&Scommesse!$E$76 | AA15: =Scommesse!$F$76 | AB15: =IF(Scommesse!$S$76>0,"✔","") | AC15: =Calcoli!$I$47 | AE15: =Scommesse!$C$93 | AF15: =Scommesse!$D$93&" / "&Scommesse!$E$93 | AG15: =Scommesse!$F$93 | AH15: =IF(Scommesse!$S$93>0,"✔","") | AI15: =Calcoli!$I$57 | AK15: =Scommesse!$C$110 | AL15: =Scommesse!$D$110&" / "&Scommesse!$E$110 | AM15: =Scommesse!$F$110 | AN15: =IF(Scommesse!$S$110>0,"✔","") | AO15: =Calcoli!$I$67 | AQ15: =Scommesse!$C$127 | AR15: =Scommesse!$D$127&" / "&Scommesse!$E$127 | AS15: =Scommesse!$F$127 | AT15: =IF(Scommesse!$S$127>0,"✔","") | AU15: =Calcoli!$I$77 | AW15: =Scommesse!$C$144 | AX15: =Scommesse!$D$144&" / "&Scommesse!$E$144 | AY15: =Scommesse!$F$144 | AZ15: =IF(Scommesse!$S$144>0,"✔","") | BA15: =Calcoli!$I$87
A16: =Scommesse!$C$12 | B16: =Scommesse!$D$12&" / "&Scommesse!$E$12 | C16: =Scommesse!$F$12 | D16: =IF(Scommesse!$S$12>0,"✔","") | E16: =Calcoli!$I$6 | G16: =Scommesse!$C$29 | H16: =Scommesse!$D$29&" / "&Scommesse!$E$29 | I16: =Scommesse!$F$29 | J16: =IF(Scommesse!$S$29>0,"✔","") | K16: =Calcoli!$I$16 | M16: =Scommesse!$C$46 | N16: =Scommesse!$D$46&" / "&Scommesse!$E$46 | O16: =Scommesse!$F$46 | P16: =IF(Scommesse!$S$46>0,"✔","") | Q16: =Calcoli!$I$26 | S16: =Scommesse!$C$61 | T16: =Scommesse!$D$61&" / "&Scommesse!$E$61 | U16: =Scommesse!$F$61 | V16: =IF(Scommesse!$S$61>0,"✔","") | W16: =Calcoli!$I$36 | Y16: =Scommesse!$C$77 | Z16: =Scommesse!$D$77&" / "&Scommesse!$E$77 | AA16: =Scommesse!$F$77 | AB16: =IF(Scommesse!$S$77>0,"✔","") | AC16: =Calcoli!$I$46 | AE16: =Scommesse!$C$94 | AF16: =Scommesse!$D$94&" / "&Scommesse!$E$94 | AG16: =Scommesse!$F$94 | AH16: =IF(Scommesse!$S$94>0,"✔","") | AI16: =Calcoli!$I$56 | AK16: =Scommesse!$C$111 | AL16: =Scommesse!$D$111&" / "&Scommesse!$E$111 | AM16: =Scommesse!$F$111 | AN16: =IF(Scommesse!$S$111>0,"✔","") | AO16: =Calcoli!$I$66 | AQ16: =Scommesse!$C$128 | AR16: =Scommesse!$D$128&" / "&Scommesse!$E$128 | AS16: =Scommesse!$F$128 | AT16: =IF(Scommesse!$S$128>0,"✔","") | AU16: =Calcoli!$I$76 | AW16: =Scommesse!$C$145 | AX16: =Scommesse!$D$145&" / "&Scommesse!$E$145 | AY16: =Scommesse!$F$145 | AZ16: =IF(Scommesse!$S$145>0,"✔","") | BA16: =Calcoli!$I$86
A17: =Scommesse!$C$13 | B17: =Scommesse!$D$13&" / "&Scommesse!$E$13 | C17: =Scommesse!$F$13 | D17: =IF(Scommesse!$S$13>0,"✔","") | E17: =Calcoli!$I$6 | G17: =Scommesse!$C$30 | H17: =Scommesse!$D$30&" / "&Scommesse!$E$30 | I17: =Scommesse!$F$30 | J17: =IF(Scommesse!$S$30>0,"✔","") | K17: =Calcoli!$I$16 | M17: =Scommesse!$C$47 | N17: =Scommesse!$D$47&" / "&Scommesse!$E$47 | O17: =Scommesse!$F$47 | P17: =IF(Scommesse!$S$47>0,"✔","") | Q17: =Calcoli!$I$31 | S17: =Scommesse!$C$62 | T17: =Scommesse!$D$62&" / "&Scommesse!$E$62 | U17: =Scommesse!$F$62 | V17: =IF(Scommesse!$S$62>0,"✔","") | W17: =Calcoli!$I$36 | Y17: =Scommesse!$C$78 | Z17: =Scommesse!$D$78&" / "&Scommesse!$E$78 | AA17: =Scommesse!$F$78 | AB17: =IF(Scommesse!$S$78>0,"✔","") | AC17: =Calcoli!$I$46 | AE17: =Scommesse!$C$95 | AF17: =Scommesse!$D$95&" / "&Scommesse!$E$95 | AG17: =Scommesse!$F$95 | AH17: =IF(Scommesse!$S$95>0,"✔","") | AI17: =Calcoli!$I$56 | AK17: =Scommesse!$C$112 | AL17: =Scommesse!$D$112&" / "&Scommesse!$E$112 | AM17: =Scommesse!$F$112 | AN17: =IF(Scommesse!$S$112>0,"✔","") | AO17: =Calcoli!$I$66 | AQ17: =Scommesse!$C$129 | AR17: =Scommesse!$D$129&" / "&Scommesse!$E$129 | AS17: =Scommesse!$F$129 | AT17: =IF(Scommesse!$S$129>0,"✔","") | AU17: =Calcoli!$I$76 | AW17: =Scommesse!$C$146 | AX17: =Scommesse!$D$146&" / "&Scommesse!$E$146 | AY17: =Scommesse!$F$146 | AZ17: =IF(Scommesse!$S$146>0,"✔","") | BA17: =Calcoli!$I$86
A18: =Scommesse!$C$14 | B18: =Scommesse!$D$14&" / "&Scommesse!$E$14 | C18: =Scommesse!$F$14 | D18: =IF(Scommesse!$S$14>0,"✔","") | E18: =Calcoli!$I$6 | G18: =Scommesse!$C$31 | H18: =Scommesse!$D$31&" / "&Scommesse!$E$31 | I18: =Scommesse!$F$31 | J18: =IF(Scommesse!$S$31>0,"✔","") | K18: =Calcoli!$I$16 | M18: =Scommesse!$C$48 | N18: =Scommesse!$D$48&" / "&Scommesse!$E$48 | O18: =Scommesse!$F$48 | P18: =IF(Scommesse!$S$48>0,"✔","") | Q18: =Calcoli!$I$30 | S18: =Scommesse!$C$63 | T18: =Scommesse!$D$63&" / "&Scommesse!$E$63 | U18: =Scommesse!$F$63 | V18: =IF(Scommesse!$S$63>0,"✔","") | W18: =Calcoli!$I$41 | Y18: =Scommesse!$C$79 | Z18: =Scommesse!$D$79&" / "&Scommesse!$E$79 | AA18: =Scommesse!$F$79 | AB18: =IF(Scommesse!$S$79>0,"✔","") | AC18: =Calcoli!$I$46 | AE18: =Scommesse!$C$96 | AF18: =Scommesse!$D$96&" / "&Scommesse!$E$96 | AG18: =Scommesse!$F$96 | AH18: =IF(Scommesse!$S$96>0,"✔","") | AI18: =Calcoli!$I$56 | AK18: =Scommesse!$C$113 | AL18: =Scommesse!$D$113&" / "&Scommesse!$E$113 | AM18: =Scommesse!$F$113 | AN18: =IF(Scommesse!$S$113>0,"✔","") | AO18: =Calcoli!$I$66 | AQ18: =Scommesse!$C$130 | AR18: =Scommesse!$D$130&" / "&Scommesse!$E$130 | AS18: =Scommesse!$F$130 | AT18: =IF(Scommesse!$S$130>0,"✔","") | AU18: =Calcoli!$I$76 | AW18: =Scommesse!$C$147 | AX18: =Scommesse!$D$147&" / "&Scommesse!$E$147 | AY18: =Scommesse!$F$147 | AZ18: =IF(Scommesse!$S$147>0,"✔","") | BA18: =Calcoli!$I$86
A19: =Scommesse!$C$15 | B19: =Scommesse!$D$15&" / "&Scommesse!$E$15 | C19: =Scommesse!$F$15 | D19: =IF(Scommesse!$S$15>0,"✔","") | E19: =Calcoli!$I$11 | G19: =Scommesse!$C$32 | H19: =Scommesse!$D$32&" / "&Scommesse!$E$32 | I19: =Scommesse!$F$32 | J19: =IF(Scommesse!$S$32>0,"✔","") | K19: =Calcoli!$I$21 | M19: =Scommesse!$C$49 | N19: =Scommesse!$D$49&" / "&Scommesse!$E$49 | O19: =Scommesse!$F$49 | P19: =IF(Scommesse!$S$49>0,"✔","") | Q19: =Calcoli!$I$30 | S19: =Scommesse!$C$64 | T19: =Scommesse!$D$64&" / "&Scommesse!$E$64 | U19: =Scommesse!$F$64 | V19: =IF(Scommesse!$S$64>0,"✔","") | W19: =Calcoli!$I$40 | Y19: =Scommesse!$C$80 | Z19: =Scommesse!$D$80&" / "&Scommesse!$E$80 | AA19: =Scommesse!$F$80 | AB19: =IF(Scommesse!$S$80>0,"✔","") | AC19: =Calcoli!$I$51 | AE19: =Scommesse!$C$97 | AF19: =Scommesse!$D$97&" / "&Scommesse!$E$97 | AG19: =Scommesse!$F$97 | AH19: =IF(Scommesse!$S$97>0,"✔","") | AI19: =Calcoli!$I$61 | AK19: =Scommesse!$C$114 | AL19: =Scommesse!$D$114&" / "&Scommesse!$E$114 | AM19: =Scommesse!$F$114 | AN19: =IF(Scommesse!$S$114>0,"✔","") | AO19: =Calcoli!$I$71 | AQ19: =Scommesse!$C$131 | AR19: =Scommesse!$D$131&" / "&Scommesse!$E$131 | AS19: =Scommesse!$F$131 | AT19: =IF(Scommesse!$S$131>0,"✔","") | AU19: =Calcoli!$I$81 | AW19: =Scommesse!$C$148 | AX19: =Scommesse!$D$148&" / "&Scommesse!$E$148 | AY19: =Scommesse!$F$148 | AZ19: =IF(Scommesse!$S$148>0,"✔","") | BA19: =Calcoli!$I$91
A20: =Scommesse!$C$16 | B20: =Scommesse!$D$16&" / "&Scommesse!$E$16 | C20: =Scommesse!$F$16 | D20: =IF(Scommesse!$S$16>0,"✔","") | E20: =Calcoli!$I$10 | G20: =Scommesse!$C$33 | H20: =Scommesse!$D$33&" / "&Scommesse!$E$33 | I20: =Scommesse!$F$33 | J20: =IF(Scommesse!$S$33>0,"✔","") | K20: =Calcoli!$I$20 | M20: =Scommesse!$C$50 | N20: =Scommesse!$D$50&" / "&Scommesse!$E$50 | O20: =Scommesse!$F$50 | P20: =IF(Scommesse!$S$50>0,"✔","") | Q20: =Calcoli!$I$29 | S20: =Scommesse!$C$65 | T20: =Scommesse!$D$65&" / "&Scommesse!$E$65 | U20: =Scommesse!$F$65 | V20: =IF(Scommesse!$S$65>0,"✔","") | W20: =Calcoli!$I$40 | Y20: =Scommesse!$C$81 | Z20: =Scommesse!$D$81&" / "&Scommesse!$E$81 | AA20: =Scommesse!$F$81 | AB20: =IF(Scommesse!$S$81>0,"✔","") | AC20: =Calcoli!$I$50 | AE20: =Scommesse!$C$98 | AF20: =Scommesse!$D$98&" / "&Scommesse!$E$98 | AG20: =Scommesse!$F$98 | AH20: =IF(Scommesse!$S$98>0,"✔","") | AI20: =Calcoli!$I$60 | AK20: =Scommesse!$C$115 | AL20: =Scommesse!$D$115&" / "&Scommesse!$E$115 | AM20: =Scommesse!$F$115 | AN20: =IF(Scommesse!$S$115>0,"✔","") | AO20: =Calcoli!$I$70 | AQ20: =Scommesse!$C$132 | AR20: =Scommesse!$D$132&" / "&Scommesse!$E$132 | AS20: =Scommesse!$F$132 | AT20: =IF(Scommesse!$S$132>0,"✔","") | AU20: =Calcoli!$I$80 | AW20: =Scommesse!$C$149 | AX20: =Scommesse!$D$149&" / "&Scommesse!$E$149 | AY20: =Scommesse!$F$149 | AZ20: =IF(Scommesse!$S$149>0,"✔","") | BA20: =Calcoli!$I$90
A21: =Scommesse!$C$17 | B21: =Scommesse!$D$17&" / "&Scommesse!$E$17 | C21: =Scommesse!$F$17 | D21: =IF(Scommesse!$S$17>0,"✔","") | E21: =Calcoli!$I$10 | G21: =Scommesse!$C$34 | H21: =Scommesse!$D$34&" / "&Scommesse!$E$34 | I21: =Scommesse!$F$34 | J21: =IF(Scommesse!$S$34>0,"✔","") | K21: =Calcoli!$I$20 | S21: =Scommesse!$C$66 | T21: =Scommesse!$D$66&" / "&Scommesse!$E$66 | U21: =Scommesse!$F$66 | V21: =IF(Scommesse!$S$66>0,"✔","") | W21: =Calcoli!$I$39 | Y21: =Scommesse!$C$82 | Z21: =Scommesse!$D$82&" / "&Scommesse!$E$82 | AA21: =Scommesse!$F$82 | AB21: =IF(Scommesse!$S$82>0,"✔","") | AC21: =Calcoli!$I$50 | AE21: =Scommesse!$C$99 | AF21: =Scommesse!$D$99&" / "&Scommesse!$E$99 | AG21: =Scommesse!$F$99 | AH21: =IF(Scommesse!$S$99>0,"✔","") | AI21: =Calcoli!$I$60 | AK21: =Scommesse!$C$116 | AL21: =Scommesse!$D$116&" / "&Scommesse!$E$116 | AM21: =Scommesse!$F$116 | AN21: =IF(Scommesse!$S$116>0,"✔","") | AO21: =Calcoli!$I$70 | AQ21: =Scommesse!$C$133 | AR21: =Scommesse!$D$133&" / "&Scommesse!$E$133 | AS21: =Scommesse!$F$133 | AT21: =IF(Scommesse!$S$133>0,"✔","") | AU21: =Calcoli!$I$80 | AW21: =Scommesse!$C$150 | AX21: =Scommesse!$D$150&" / "&Scommesse!$E$150 | AY21: =Scommesse!$F$150 | AZ21: =IF(Scommesse!$S$150>0,"✔","") | BA21: =Calcoli!$I$90
A22: =Scommesse!$C$18 | B22: =Scommesse!$D$18&" / "&Scommesse!$E$18 | C22: =Scommesse!$F$18 | D22: =IF(Scommesse!$S$18>0,"✔","") | E22: =Calcoli!$I$9 | G22: =Scommesse!$C$35 | H22: =Scommesse!$D$35&" / "&Scommesse!$E$35 | I22: =Scommesse!$F$35 | J22: =IF(Scommesse!$S$35>0,"✔","") | K22: =Calcoli!$I$19 | Y22: =Scommesse!$C$83 | Z22: =Scommesse!$D$83&" / "&Scommesse!$E$83 | AA22: =Scommesse!$F$83 | AB22: =IF(Scommesse!$S$83>0,"✔","") | AC22: =Calcoli!$I$49 | AE22: =Scommesse!$C$100 | AF22: =Scommesse!$D$100&" / "&Scommesse!$E$100 | AG22: =Scommesse!$F$100 | AH22: =IF(Scommesse!$S$100>0,"✔","") | AI22: =Calcoli!$I$59 | AK22: =Scommesse!$C$117 | AL22: =Scommesse!$D$117&" / "&Scommesse!$E$117 | AM22: =Scommesse!$F$117 | AN22: =IF(Scommesse!$S$117>0,"✔","") | AO22: =Calcoli!$I$69 | AQ22: =Scommesse!$C$134 | AR22: =Scommesse!$D$134&" / "&Scommesse!$E$134 | AS22: =Scommesse!$F$134 | AT22: =IF(Scommesse!$S$134>0,"✔","") | AU22: =Calcoli!$I$79 | AW22: =Scommesse!$C$151 | AX22: =Scommesse!$D$151&" / "&Scommesse!$E$151 | AY22: =Scommesse!$F$151 | AZ22: =IF(Scommesse!$S$151>0,"✔","") | BA22: =Calcoli!$I$89
A23: =IF(Riepilogo!$O$4>0,"✔ ","✖ ")&"Attuale "&TEXT(0.10*EXP(SUMPRODUCT((Scommesse!$A$2:$A$151=1)*(Scommesse!$Q$2:$Q$151)*LN(Scommesse!$F$2:$F$151))),"#,##0.00")&" €" | E23: =Riepilogo!$O$4 | G23: =IF(Riepilogo!$O$5>0,"✔ ","✖ ")&"Attuale "&TEXT(0.10*EXP(SUMPRODUCT((Scommesse!$A$2:$A$151=2)*(Scommesse!$Q$2:$Q$151)*LN(Scommesse!$F$2:$F$151))),"#,##0.00")&" €" | K23: =Riepilogo!$O$5 | M23: =IF(Riepilogo!$O$6>0,"✔ ","✖ ")&"Attuale "&TEXT(0.15*EXP(SUMPRODUCT((Scommesse!$A$2:$A$151=3)*(Scommesse!$Q$2:$Q$151)*LN(Scommesse!$F$2:$F$151))),"#,##0.00")&" €" | Q23: =Riepilogo!$O$6 | S23: =IF(Riepilogo!$O$7>0,"✔ ","✖ ")&"Attuale "&TEXT(0.20*EXP(SUMPRODUCT((Scommesse!$A$2:$A$151=4)*(Scommesse!$Q$2:$Q$151)*LN(Scommesse!$F$2:$F$151))),"#,##0.00")&" €" | W23: =Riepilogo!$O$7 | Y23: =IF(Riepilogo!$O$8>0,"✔ ","✖ ")&"Attuale "&TEXT(0.30*EXP(SUMPRODUCT((Scommesse!$A$2:$A$151=5)*(Scommesse!$Q$2:$Q$151)*LN(Scommesse!$F$2:$F$151))),"#,##0.00")&" €" | AC23: =Riepilogo!$O$8 | AE23: =IF(Riepilogo!$O$9>0,"✔ ","✖ ")&"Attuale "&TEXT(0.20*EXP(SUMPRODUCT((Scommesse!$A$2:$A$151=6)*(Scommesse!$Q$2:$Q$151)*LN(Scommesse!$F$2:$F$151))),"#,##0.00")&" €" | AI23: =Riepilogo!$O$9 | AK23: =IF(Riepilogo!$O$10>0,"✔ ","✖ ")&"Attuale "&TEXT(0.20*EXP(SUMPRODUCT((Scommesse!$A$2:$A$151=7)*(Scommesse!$Q$2:$Q$151)*LN(Scommesse!$F$2:$F$151))),"#,##0.00")&" €" | AO23: =Riepilogo!$O$10 | AQ23: =IF(Riepilogo!$O$11>0,"✔ ","✖ ")&"Attuale "&TEXT(0.05*EXP(SUMPRODUCT((Scommesse!$A$2:$A$151=8)*(Scommesse!$Q$2:$Q$151)*LN(Scommesse!$F$2:$F$151))),"#,##0.00")&" €" | AU23: =Riepilogo!$O$11 | AW23: =IF(Riepilogo!$O$12>0,"✔ ","✖ ")&"Attuale "&TEXT(0.05*EXP(SUMPRODUCT((Scommesse!$A$2:$A$151=9)*(Scommesse!$Q$2:$Q$151)*LN(Scommesse!$F$2:$F$151))),"#,##0.00")&" €" | BA23: =Riepilogo!$O$12

Sheet Gironi
A1: GIRONI - Classifiche live | N1: Aggiornato: | P1: =Config!$B$2
A2: Verde = situazione OK per le scommesse (✅ tra i primi 2 / ⛔ fuori dai primi 2). Rosa = situazione sfavorevole. Rim = partite da giocare.
A4: GIRONE A | G4: GIRONE B | M4: GIRONE C | S4: GIRONE D | Y4: GIRONE E | AE4: GIRONE F
A5: Pos | B5: Squadra | C5: Pti | D5: Rim | G5: Pos | H5: Squadra | I5: Pti | J5: Rim | M5: Pos | N5: Squadra | O5: Pti | P5: Rim | S5: Pos | T5: Squadra | U5: Pti | V5: Rim | Y5: Pos | Z5: Squadra | AA5: Pti | AB5: Rim | AE5: Pos | AF5: Squadra | AG5: Pti | AH5: Rim
A6: 1 | B6: =IFERROR(INDEX(Classifiche!$B$4:$B$51,MATCH(1,(Classifiche!$A$4:$A$51="A")*(Classifiche!$L$4:$L$51=1),0)),"") | C6: =IFERROR(INDEX(Classifiche!$I$4:$I$51,MATCH(1,(Classifiche!$A$4:$A$51="A")*(Classifiche!$L$4:$L$51=1),0)),"") | D6: =IFERROR(INDEX(Classifiche!$AA$4:$AA$51,MATCH(1,(Classifiche!$A$4:$A$51="A")*(Classifiche!$L$4:$L$51=1),0)),"") | E6: =IFERROR(INDEX(Classifiche!$AB$4:$AB$51,MATCH(1,(Classifiche!$A$4:$A$51="A")*(Classifiche!$L$4:$L$51=1),0)),"") | G6: 1 | H6: =IFERROR(INDEX(Classifiche!$B$4:$B$51,MATCH(1,(Classifiche!$A$4:$A$51="B")*(Classifiche!$L$4:$L$51=1),0)),"") | I6: =IFERROR(INDEX(Classifiche!$I$4:$I$51,MATCH(1,(Classifiche!$A$4:$A$51="B")*(Classifiche!$L$4:$L$51=1),0)),"") | J6: =IFERROR(INDEX(Classifiche!$AA$4:$AA$51,MATCH(1,(Classifiche!$A$4:$A$51="B")*(Classifiche!$L$4:$L$51=1),0)),"") | K6: =IFERROR(INDEX(Classifiche!$AB$4:$AB$51,MATCH(1,(Classifiche!$A$4:$A$51="B")*(Classifiche!$L$4:$L$51=1),0)),"") | M6: 1 | N6: =IFERROR(INDEX(Classifiche!$B$4:$B$51,MATCH(1,(Classifiche!$A$4:$A$51="C")*(Classifiche!$L$4:$L$51=1),0)),"") | O6: =IFERROR(INDEX(Classifiche!$I$4:$I$51,MATCH(1,(Classifiche!$A$4:$A$51="C")*(Classifiche!$L$4:$L$51=1),0)),"") | P6: =IFERROR(INDEX(Classifiche!$AA$4:$AA$51,MATCH(1,(Classifiche!$A$4:$A$51="C")*(Classifiche!$L$4:$L$51=1),0)),"") | Q6: =IFERROR(INDEX(Classifiche!$AB$4:$AB$51,MATCH(1,(Classifiche!$A$4:$A$51="C")*(Classifiche!$L$4:$L$51=1),0)),"") | S6: 1 | T6: =IFERROR(INDEX(Classifiche!$B$4:$B$51,MATCH(1,(Classifiche!$A$4:$A$51="D")*(Classifiche!$L$4:$L$51=1),0)),"") | U6: =IFERROR(INDEX(Classifiche!$I$4:$I$51,MATCH(1,(Classifiche!$A$4:$A$51="D")*(Classifiche!$L$4:$L$51=1),0)),"") | V6: =IFERROR(INDEX(Classifiche!$AA$4:$AA$51,MATCH(1,(Classifiche!$A$4:$A$51="D")*(Classifiche!$L$4:$L$51=1),0)),"") | W6: =IFERROR(INDEX(Classifiche!$AB$4:$AB$51,MATCH(1,(Classifiche!$A$4:$A$51="D")*(Classifiche!$L$4:$L$51=1),0)),"") | Y6: 1 | Z6: =IFERROR(INDEX(Classifiche!$B$4:$B$51,MATCH(1,(Classifiche!$A$4:$A$51="E")*(Classifiche!$L$4:$L$51=1),0)),"") | AA6: =IFERROR(INDEX(Classifiche!$I$4:$I$51,MATCH(1,(Classifiche!$A$4:$A$51="E")*(Classifiche!$L$4:$L$51=1),0)),"") | AB6: =IFERROR(INDEX(Classifiche!$AA$4:$AA$51,MATCH(1,(Classifiche!$A$4:$A$51="E")*(Classifiche!$L$4:$L$51=1),0)),"") | AC6: =IFERROR(INDEX(Classifiche!$AB$4:$AB$51,MATCH(1,(Classifiche!$A$4:$A$51="E")*(Classifiche!$L$4:$L$51=1),0)),"") | AE6: 1 | AF6: =IFERROR(INDEX(Classifiche!$B$4:$B$51,MATCH(1,(Classifiche!$A$4:$A$51="F")*(Classifiche!$L$4:$L$51=1),0)),"") | AG6: =IFERROR(INDEX(Classifiche!$I$4:$I$51,MATCH(1,(Classifiche!$A$4:$A$51="F")*(Classifiche!$L$4:$L$51=1),0)),"") | AH6: =IFERROR(INDEX(Classifiche!$AA$4:$AA$51,MATCH(1,(Classifiche!$A$4:$A$51="F")*(Classifiche!$L$4:$L$51=1),0)),"") | AI6: =IFERROR(INDEX(Classifiche!$AB$4:$AB$51,MATCH(1,(Classifiche!$A$4:$A$51="F")*(Classifiche!$L$4:$L$51=1),0)),"") | AN6: =IFERROR(INDEX(Classifiche!$AC$4:$AC$51,MATCH(1,(Classifiche!$A$4:$A$51="A")*(Classifiche!$L$4:$L$51=1),0)),0) | AO6: =IFERROR(INDEX(Classifiche!$AC$4:$AC$51,MATCH(1,(Classifiche!$A$4:$A$51="B")*(Classifiche!$L$4:$L$51=1),0)),0) | AP6: =IFERROR(INDEX(Classifiche!$AC$4:$AC$51,MATCH(1,(Classifiche!$A$4:$A$51="C")*(Classifiche!$L$4:$L$51=1),0)),0) | AQ6: =IFERROR(INDEX(Classifiche!$AC$4:$AC$51,MATCH(1,(Classifiche!$A$4:$A$51="D")*(Classifiche!$L$4:$L$51=1),0)),0) | AR6: =IFERROR(INDEX(Classifiche!$AC$4:$AC$51,MATCH(1,(Classifiche!$A$4:$A$51="E")*(Classifiche!$L$4:$L$51=1),0)),0) | AS6: =IFERROR(INDEX(Classifiche!$AC$4:$AC$51,MATCH(1,(Classifiche!$A$4:$A$51="F")*(Classifiche!$L$4:$L$51=1),0)),0)
A7: 2 | B7: =IFERROR(INDEX(Classifiche!$B$4:$B$51,MATCH(1,(Classifiche!$A$4:$A$51="A")*(Classifiche!$L$4:$L$51=2),0)),"") | C7: =IFERROR(INDEX(Classifiche!$I$4:$I$51,MATCH(1,(Classifiche!$A$4:$A$51="A")*(Classifiche!$L$4:$L$51=2),0)),"") | D7: =IFERROR(INDEX(Classifiche!$AA$4:$AA$51,MATCH(1,(Classifiche!$A$4:$A$51="A")*(Classifiche!$L$4:$L$51=2),0)),"") | E7: =IFERROR(INDEX(Classifiche!$AB$4:$AB$51,MATCH(1,(Classifiche!$A$4:$A$51="A")*(Classifiche!$L$4:$L$51=2),0)),"") | G7: 2 | H7: =IFERROR(INDEX(Classifiche!$B$4:$B$51,MATCH(1,(Classifiche!$A$4:$A$51="B")*(Classifiche!$L$4:$L$51=2),0)),"") | I7: =IFERROR(INDEX(Classifiche!$I$4:$I$51,MATCH(1,(Classifiche!$A$4:$A$51="B")*(Classifiche!$L$4:$L$51=2),0)),"") | J7: =IFERROR(INDEX(Classifiche!$AA$4:$AA$51,MATCH(1,(Classifiche!$A$4:$A$51="B")*(Classifiche!$L$4:$L$51=2),0)),"") | K7: =IFERROR(INDEX(Classifiche!$AB$4:$AB$51,MATCH(1,(Classifiche!$A$4:$A$51="B")*(Classifiche!$L$4:$L$51=2),0)),"") | M7: 2 | N7: =IFERROR(INDEX(Classifiche!$B$4:$B$51,MATCH(1,(Classifiche!$A$4:$A$51="C")*(Classifiche!$L$4:$L$51=2),0)),"") | O7: =IFERROR(INDEX(Classifiche!$I$4:$I$51,MATCH(1,(Classifiche!$A$4:$A$51="C")*(Classifiche!$L$4:$L$51=2),0)),"") | P7: =IFERROR(INDEX(Classifiche!$AA$4:$AA$51,MATCH(1,(Classifiche!$A$4:$A$51="C")*(Classifiche!$L$4:$L$51=2),0)),"") | Q7: =IFERROR(INDEX(Classifiche!$AB$4:$AB$51,MATCH(1,(Classifiche!$A$4:$A$51="C")*(Classifiche!$L$4:$L$51=2),0)),"") | S7: 2 | T7: =IFERROR(INDEX(Classifiche!$B$4:$B$51,MATCH(1,(Classifiche!$A$4:$A$51="D")*(Classifiche!$L$4:$L$51=2),0)),"") | U7: =IFERROR(INDEX(Classifiche!$I$4:$I$51,MATCH(1,(Classifiche!$A$4:$A$51="D")*(Classifiche!$L$4:$L$51=2),0)),"") | V7: =IFERROR(INDEX(Classifiche!$AA$4:$AA$51,MATCH(1,(Classifiche!$A$4:$A$51="D")*(Classifiche!$L$4:$L$51=2),0)),"") | W7: =IFERROR(INDEX(Classifiche!$AB$4:$AB$51,MATCH(1,(Classifiche!$A$4:$A$51="D")*(Classifiche!$L$4:$L$51=2),0)),"") | Y7: 2 | Z7: =IFERROR(INDEX(Classifiche!$B$4:$B$51,MATCH(1,(Classifiche!$A$4:$A$51="E")*(Classifiche!$L$4:$L$51=2),0)),"") | AA7: =IFERROR(INDEX(Classifiche!$I$4:$I$51,MATCH(1,(Classifiche!$A$4:$A$51="E")*(Classifiche!$L$4:$L$51=2),0)),"") | AB7: =IFERROR(INDEX(Classifiche!$AA$4:$AA$51,MATCH(1,(Classifiche!$A$4:$A$51="E")*(Classifiche!$L$4:$L$51=2),0)),"") | AC7: =IFERROR(INDEX(Classifiche!$AB$4:$AB$51,MATCH(1,(Classifiche!$A$4:$A$51="E")*(Classifiche!$L$4:$L$51=2),0)),"") | AE7: 2 | AF7: =IFERROR(INDEX(Classifiche!$B$4:$B$51,MATCH(1,(Classifiche!$A$4:$A$51="F")*(Classifiche!$L$4:$L$51=2),0)),"") | AG7: =IFERROR(INDEX(Classifiche!$I$4:$I$51,MATCH(1,(Classifiche!$A$4:$A$51="F")*(Classifiche!$L$4:$L$51=2),0)),"") | AH7: =IFERROR(INDEX(Classifiche!$AA$4:$AA$51,MATCH(1,(Classifiche!$A$4:$A$51="F")*(Classifiche!$L$4:$L$51=2),0)),"") | AI7: =IFERROR(INDEX(Classifiche!$AB$4:$AB$51,MATCH(1,(Classifiche!$A$4:$A$51="F")*(Classifiche!$L$4:$L$51=2),0)),"") | AN7: =IFERROR(INDEX(Classifiche!$AC$4:$AC$51,MATCH(1,(Classifiche!$A$4:$A$51="A")*(Classifiche!$L$4:$L$51=2),0)),0) | AO7: =IFERROR(INDEX(Classifiche!$AC$4:$AC$51,MATCH(1,(Classifiche!$A$4:$A$51="B")*(Classifiche!$L$4:$L$51=2),0)),0) | AP7: =IFERROR(INDEX(Classifiche!$AC$4:$AC$51,MATCH(1,(Classifiche!$A$4:$A$51="C")*(Classifiche!$L$4:$L$51=2),0)),0) | AQ7: =IFERROR(INDEX(Classifiche!$AC$4:$AC$51,MATCH(1,(Classifiche!$A$4:$A$51="D")*(Classifiche!$L$4:$L$51=2),0)),0) | AR7: =IFERROR(INDEX(Classifiche!$AC$4:$AC$51,MATCH(1,(Classifiche!$A$4:$A$51="E")*(Classifiche!$L$4:$L$51=2),0)),0) | AS7: =IFERROR(INDEX(Classifiche!$AC$4:$AC$51,MATCH(1,(Classifiche!$A$4:$A$51="F")*(Classifiche!$L$4:$L$51=2),0)),0)
A8: 3 | B8: =IFERROR(INDEX(Classifiche!$B$4:$B$51,MATCH(1,(Classifiche!$A$4:$A$51="A")*(Classifiche!$L$4:$L$51=3),0)),"") | C8: =IFERROR(INDEX(Classifiche!$I$4:$I$51,MATCH(1,(Classifiche!$A$4:$A$51="A")*(Classifiche!$L$4:$L$51=3),0)),"") | D8: =IFERROR(INDEX(Classifiche!$AA$4:$AA$51,MATCH(1,(Classifiche!$A$4:$A$51="A")*(Classifiche!$L$4:$L$51=3),0)),"") | E8: =IFERROR(INDEX(Classifiche!$AB$4:$AB$51,MATCH(1,(Classifiche!$A$4:$A$51="A")*(Classifiche!$L$4:$L$51=3),0)),"") | G8: 3 | H8: =IFERROR(INDEX(Classifiche!$B$4:$B$51,MATCH(1,(Classifiche!$A$4:$A$51="B")*(Classifiche!$L$4:$L$51=3),0)),"") | I8: =IFERROR(INDEX(Classifiche!$I$4:$I$51,MATCH(1,(Classifiche!$A$4:$A$51="B")*(Classifiche!$L$4:$L$51=3),0)),"") | J8: =IFERROR(INDEX(Classifiche!$AA$4:$AA$51,MATCH(1,(Classifiche!$A$4:$A$51="B")*(Classifiche!$L$4:$L$51=3),0)),"") | K8: =IFERROR(INDEX(Classifiche!$AB$4:$AB$51,MATCH(1,(Classifiche!$A$4:$A$51="B")*(Classifiche!$L$4:$L$51=3),0)),"") | M8: 3 | N8: =IFERROR(INDEX(Classifiche!$B$4:$B$51,MATCH(1,(Classifiche!$A$4:$A$51="C")*(Classifiche!$L$4:$L$51=3),0)),"") | O8: =IFERROR(INDEX(Classifiche!$I$4:$I$51,MATCH(1,(Classifiche!$A$4:$A$51="C")*(Classifiche!$L$4:$L$51=3),0)),"") | P8: =IFERROR(INDEX(Classifiche!$AA$4:$AA$51,MATCH(1,(Classifiche!$A$4:$A$51="C")*(Classifiche!$L$4:$L$51=3),0)),"") | Q8: =IFERROR(INDEX(Classifiche!$AB$4:$AB$51,MATCH(1,(Classifiche!$A$4:$A$51="C")*(Classifiche!$L$4:$L$51=3),0)),"") | S8: 3 | T8: =IFERROR(INDEX(Classifiche!$B$4:$B$51,MATCH(1,(Classifiche!$A$4:$A$51="D")*(Classifiche!$L$4:$L$51=3),0)),"") | U8: =IFERROR(INDEX(Classifiche!$I$4:$I$51,MATCH(1,(Classifiche!$A$4:$A$51="D")*(Classifiche!$L$4:$L$51=3),0)),"") | V8: =IFERROR(INDEX(Classifiche!$AA$4:$AA$51,MATCH(1,(Classifiche!$A$4:$A$51="D")*(Classifiche!$L$4:$L$51=3),0)),"") | W8: =IFERROR(INDEX(Classifiche!$AB$4:$AB$51,MATCH(1,(Classifiche!$A$4:$A$51="D")*(Classifiche!$L$4:$L$51=3),0)),"") | Y8: 3 | Z8: =IFERROR(INDEX(Classifiche!$B$4:$B$51,MATCH(1,(Classifiche!$A$4:$A$51="E")*(Classifiche!$L$4:$L$51=3),0)),"") | AA8: =IFERROR(INDEX(Classifiche!$I$4:$I$51,MATCH(1,(Classifiche!$A$4:$A$51="E")*(Classifiche!$L$4:$L$51=3),0)),"") | AB8: =IFERROR(INDEX(Classifiche!$AA$4:$AA$51,MATCH(1,(Classifiche!$A$4:$A$51="E")*(Classifiche!$L$4:$L$51=3),0)),"") | AC8: =IFERROR(INDEX(Classifiche!$AB$4:$AB$51,MATCH(1,(Classifiche!$A$4:$A$51="E")*(Classifiche!$L$4:$L$51=3),0)),"") | AE8: 3 | AF8: =IFERROR(INDEX(Classifiche!$B$4:$B$51,MATCH(1,(Classifiche!$A$4:$A$51="F")*(Classifiche!$L$4:$L$51=3),0)),"") | AG8: =IFERROR(INDEX(Classifiche!$I$4:$I$51,MATCH(1,(Classifiche!$A$4:$A$51="F")*(Classifiche!$L$4:$L$51=3),0)),"") | AH8: =IFERROR(INDEX(Classifiche!$AA$4:$AA$51,MATCH(1,(Classifiche!$A$4:$A$51="F")*(Classifiche!$L$4:$L$51=3),0)),"") | AI8: =IFERROR(INDEX(Classifiche!$AB$4:$AB$51,MATCH(1,(Classifiche!$A$4:$A$51="F")*(Classifiche!$L$4:$L$51=3),0)),"") | AN8: =IFERROR(INDEX(Classifiche!$AC$4:$AC$51,MATCH(1,(Classifiche!$A$4:$A$51="A")*(Classifiche!$L$4:$L$51=3),0)),0) | AO8: =IFERROR(INDEX(Classifiche!$AC$4:$AC$51,MATCH(1,(Classifiche!$A$4:$A$51="B")*(Classifiche!$L$4:$L$51=3),0)),0) | AP8: =IFERROR(INDEX(Classifiche!$AC$4:$AC$51,MATCH(1,(Classifiche!$A$4:$A$51="C")*(Classifiche!$L$4:$L$51=3),0)),0) | AQ8: =IFERROR(INDEX(Classifiche!$AC$4:$AC$51,MATCH(1,(Classifiche!$A$4:$A$51="D")*(Classifiche!$L$4:$L$51=3),0)),0) | AR8: =IFERROR(INDEX(Classifiche!$AC$4:$AC$51,MATCH(1,(Classifiche!$A$4:$A$51="E")*(Classifiche!$L$4:$L$51=3),0)),0) | AS8: =IFERROR(INDEX(Classifiche!$AC$4:$AC$51,MATCH(1,(Classifiche!$A$4:$A$51="F")*(Classifiche!$L$4:$L$51=3),0)),0)
A9: 4 | B9: =IFERROR(INDEX(Classifiche!$B$4:$B$51,MATCH(1,(Classifiche!$A$4:$A$51="A")*(Classifiche!$L$4:$L$51=4),0)),"") | C9: =IFERROR(INDEX(Classifiche!$I$4:$I$51,MATCH(1,(Classifiche!$A$4:$A$51="A")*(Classifiche!$L$4:$L$51=4),0)),"") | D9: =IFERROR(INDEX(Classifiche!$AA$4:$AA$51,MATCH(1,(Classifiche!$A$4:$A$51="A")*(Classifiche!$L$4:$L$51=4),0)),"") | E9: =IFERROR(INDEX(Classifiche!$AB$4:$AB$51,MATCH(1,(Classifiche!$A$4:$A$51="A")*(Classifiche!$L$4:$L$51=4),0)),"") | G9: 4 | H9: =IFERROR(INDEX(Classifiche!$B$4:$B$51,MATCH(1,(Classifiche!$A$4:$A$51="B")*(Classifiche!$L$4:$L$51=4),0)),"") | I9: =IFERROR(INDEX(Classifiche!$I$4:$I$51,MATCH(1,(Classifiche!$A$4:$A$51="B")*(Classifiche!$L$4:$L$51=4),0)),"") | J9: =IFERROR(INDEX(Classifiche!$AA$4:$AA$51,MATCH(1,(Classifiche!$A$4:$A$51="B")*(Classifiche!$L$4:$L$51=4),0)),"") | K9: =IFERROR(INDEX(Classifiche!$AB$4:$AB$51,MATCH(1,(Classifiche!$A$4:$A$51="B")*(Classifiche!$L$4:$L$51=4),0)),"") | M9: 4 | N9: =IFERROR(INDEX(Classifiche!$B$4:$B$51,MATCH(1,(Classifiche!$A$4:$A$51="C")*(Classifiche!$L$4:$L$51=4),0)),"") | O9: =IFERROR(INDEX(Classifiche!$I$4:$I$51,MATCH(1,(Classifiche!$A$4:$A$51="C")*(Classifiche!$L$4:$L$51=4),0)),"") | P9: =IFERROR(INDEX(Classifiche!$AA$4:$AA$51,MATCH(1,(Classifiche!$A$4:$A$51="C")*(Classifiche!$L$4:$L$51=4),0)),"") | Q9: =IFERROR(INDEX(Classifiche!$AB$4:$AB$51,MATCH(1,(Classifiche!$A$4:$A$51="C")*(Classifiche!$L$4:$L$51=4),0)),"") | S9: 4 | T9: =IFERROR(INDEX(Classifiche!$B$4:$B$51,MATCH(1,(Classifiche!$A$4:$A$51="D")*(Classifiche!$L$4:$L$51=4),0)),"") | U9: =IFERROR(INDEX(Classifiche!$I$4:$I$51,MATCH(1,(Classifiche!$A$4:$A$51="D")*(Classifiche!$L$4:$L$51=4),0)),"") | V9: =IFERROR(INDEX(Classifiche!$AA$4:$AA$51,MATCH(1,(Classifiche!$A$4:$A$51="D")*(Classifiche!$L$4:$L$51=4),0)),"") | W9: =IFERROR(INDEX(Classifiche!$AB$4:$AB$51,MATCH(1,(Classifiche!$A$4:$A$51="D")*(Classifiche!$L$4:$L$51=4),0)),"") | Y9: 4 | Z9: =IFERROR(INDEX(Classifiche!$B$4:$B$51,MATCH(1,(Classifiche!$A$4:$A$51="E")*(Classifiche!$L$4:$L$51=4),0)),"") | AA9: =IFERROR(INDEX(Classifiche!$I$4:$I$51,MATCH(1,(Classifiche!$A$4:$A$51="E")*(Classifiche!$L$4:$L$51=4),0)),"") | AB9: =IFERROR(INDEX(Classifiche!$AA$4:$AA$51,MATCH(1,(Classifiche!$A$4:$A$51="E")*(Classifiche!$L$4:$L$51=4),0)),"") | AC9: =IFERROR(INDEX(Classifiche!$AB$4:$AB$51,MATCH(1,(Classifiche!$A$4:$A$51="E")*(Classifiche!$L$4:$L$51=4),0)),"") | AE9: 4 | AF9: =IFERROR(INDEX(Classifiche!$B$4:$B$51,MATCH(1,(Classifiche!$A$4:$A$51="F")*(Classifiche!$L$4:$L$51=4),0)),"") | AG9: =IFERROR(INDEX(Classifiche!$I$4:$I$51,MATCH(1,(Classifiche!$A$4:$A$51="F")*(Classifiche!$L$4:$L$51=4),0)),"") | AH9: =IFERROR(INDEX(Classifiche!$AA$4:$AA$51,MATCH(1,(Classifiche!$A$4:$A$51="F")*(Classifiche!$L$4:$L$51=4),0)),"") | AI9: =IFERROR(INDEX(Classifiche!$AB$4:$AB$51,MATCH(1,(Classifiche!$A$4:$A$51="F")*(Classifiche!$L$4:$L$51=4),0)),"") | AN9: =IFERROR(INDEX(Classifiche!$AC$4:$AC$51,MATCH(1,(Classifiche!$A$4:$A$51="A")*(Classifiche!$L$4:$L$51=4),0)),0) | AO9: =IFERROR(INDEX(Classifiche!$AC$4:$AC$51,MATCH(1,(Classifiche!$A$4:$A$51="B")*(Classifiche!$L$4:$L$51=4),0)),0) | AP9: =IFERROR(INDEX(Classifiche!$AC$4:$AC$51,MATCH(1,(Classifiche!$A$4:$A$51="C")*(Classifiche!$L$4:$L$51=4),0)),0) | AQ9: =IFERROR(INDEX(Classifiche!$AC$4:$AC$51,MATCH(1,(Classifiche!$A$4:$A$51="D")*(Classifiche!$L$4:$L$51=4),0)),0) | AR9: =IFERROR(INDEX(Classifiche!$AC$4:$AC$51,MATCH(1,(Classifiche!$A$4:$A$51="E")*(Classifiche!$L$4:$L$51=4),0)),0) | AS9: =IFERROR(INDEX(Classifiche!$AC$4:$AC$51,MATCH(1,(Classifiche!$A$4:$A$51="F")*(Classifiche!$L$4:$L$51=4),0)),0)
A11: GIRONE G | G11: GIRONE H | M11: GIRONE I | S11: GIRONE J | Y11: GIRONE K | AE11: GIRONE L
A12: Pos | B12: Squadra | C12: Pti | D12: Rim | G12: Pos | H12: Squadra | I12: Pti | J12: Rim | M12: Pos | N12: Squadra | O12: Pti | P12: Rim | S12: Pos | T12: Squadra | U12: Pti | V12: Rim | Y12: Pos | Z12: Squadra | AA12: Pti | AB12: Rim | AE12: Pos | AF12: Squadra | AG12: Pti | AH12: Rim
A13: 1 | B13: =IFERROR(INDEX(Classifiche!$B$4:$B$51,MATCH(1,(Classifiche!$A$4:$A$51="G")*(Classifiche!$L$4:$L$51=1),0)),"") | C13: =IFERROR(INDEX(Classifiche!$I$4:$I$51,MATCH(1,(Classifiche!$A$4:$A$51="G")*(Classifiche!$L$4:$L$51=1),0)),"") | D13: =IFERROR(INDEX(Classifiche!$AA$4:$AA$51,MATCH(1,(Classifiche!$A$4:$A$51="G")*(Classifiche!$L$4:$L$51=1),0)),"") | E13: =IFERROR(INDEX(Classifiche!$AB$4:$AB$51,MATCH(1,(Classifiche!$A$4:$A$51="G")*(Classifiche!$L$4:$L$51=1),0)),"") | G13: 1 | H13: =IFERROR(INDEX(Classifiche!$B$4:$B$51,MATCH(1,(Classifiche!$A$4:$A$51="H")*(Classifiche!$L$4:$L$51=1),0)),"") | I13: =IFERROR(INDEX(Classifiche!$I$4:$I$51,MATCH(1,(Classifiche!$A$4:$A$51="H")*(Classifiche!$L$4:$L$51=1),0)),"") | J13: =IFERROR(INDEX(Classifiche!$AA$4:$AA$51,MATCH(1,(Classifiche!$A$4:$A$51="H")*(Classifiche!$L$4:$L$51=1),0)),"") | K13: =IFERROR(INDEX(Classifiche!$AB$4:$AB$51,MATCH(1,(Classifiche!$A$4:$A$51="H")*(Classifiche!$L$4:$L$51=1),0)),"") | M13: 1 | N13: =IFERROR(INDEX(Classifiche!$B$4:$B$51,MATCH(1,(Classifiche!$A$4:$A$51="I")*(Classifiche!$L$4:$L$51=1),0)),"") | O13: =IFERROR(INDEX(Classifiche!$I$4:$I$51,MATCH(1,(Classifiche!$A$4:$A$51="I")*(Classifiche!$L$4:$L$51=1),0)),"") | P13: =IFERROR(INDEX(Classifiche!$AA$4:$AA$51,MATCH(1,(Classifiche!$A$4:$A$51="I")*(Classifiche!$L$4:$L$51=1),0)),"") | Q13: =IFERROR(INDEX(Classifiche!$AB$4:$AB$51,MATCH(1,(Classifiche!$A$4:$A$51="I")*(Classifiche!$L$4:$L$51=1),0)),"") | S13: 1 | T13: =IFERROR(INDEX(Classifiche!$B$4:$B$51,MATCH(1,(Classifiche!$A$4:$A$51="J")*(Classifiche!$L$4:$L$51=1),0)),"") | U13: =IFERROR(INDEX(Classifiche!$I$4:$I$51,MATCH(1,(Classifiche!$A$4:$A$51="J")*(Classifiche!$L$4:$L$51=1),0)),"") | V13: =IFERROR(INDEX(Classifiche!$AA$4:$AA$51,MATCH(1,(Classifiche!$A$4:$A$51="J")*(Classifiche!$L$4:$L$51=1),0)),"") | W13: =IFERROR(INDEX(Classifiche!$AB$4:$AB$51,MATCH(1,(Classifiche!$A$4:$A$51="J")*(Classifiche!$L$4:$L$51=1),0)),"") | Y13: 1 | Z13: =IFERROR(INDEX(Classifiche!$B$4:$B$51,MATCH(1,(Classifiche!$A$4:$A$51="K")*(Classifiche!$L$4:$L$51=1),0)),"") | AA13: =IFERROR(INDEX(Classifiche!$I$4:$I$51,MATCH(1,(Classifiche!$A$4:$A$51="K")*(Classifiche!$L$4:$L$51=1),0)),"") | AB13: =IFERROR(INDEX(Classifiche!$AA$4:$AA$51,MATCH(1,(Classifiche!$A$4:$A$51="K")*(Classifiche!$L$4:$L$51=1),0)),"") | AC13: =IFERROR(INDEX(Classifiche!$AB$4:$AB$51,MATCH(1,(Classifiche!$A$4:$A$51="K")*(Classifiche!$L$4:$L$51=1),0)),"") | AE13: 1 | AF13: =IFERROR(INDEX(Classifiche!$B$4:$B$51,MATCH(1,(Classifiche!$A$4:$A$51="L")*(Classifiche!$L$4:$L$51=1),0)),"") | AG13: =IFERROR(INDEX(Classifiche!$I$4:$I$51,MATCH(1,(Classifiche!$A$4:$A$51="L")*(Classifiche!$L$4:$L$51=1),0)),"") | AH13: =IFERROR(INDEX(Classifiche!$AA$4:$AA$51,MATCH(1,(Classifiche!$A$4:$A$51="L")*(Classifiche!$L$4:$L$51=1),0)),"") | AI13: =IFERROR(INDEX(Classifiche!$AB$4:$AB$51,MATCH(1,(Classifiche!$A$4:$A$51="L")*(Classifiche!$L$4:$L$51=1),0)),"") | AN13: =IFERROR(INDEX(Classifiche!$AC$4:$AC$51,MATCH(1,(Classifiche!$A$4:$A$51="G")*(Classifiche!$L$4:$L$51=1),0)),0) | AO13: =IFERROR(INDEX(Classifiche!$AC$4:$AC$51,MATCH(1,(Classifiche!$A$4:$A$51="H")*(Classifiche!$L$4:$L$51=1),0)),0) | AP13: =IFERROR(INDEX(Classifiche!$AC$4:$AC$51,MATCH(1,(Classifiche!$A$4:$A$51="I")*(Classifiche!$L$4:$L$51=1),0)),0) | AQ13: =IFERROR(INDEX(Classifiche!$AC$4:$AC$51,MATCH(1,(Classifiche!$A$4:$A$51="J")*(Classifiche!$L$4:$L$51=1),0)),0) | AR13: =IFERROR(INDEX(Classifiche!$AC$4:$AC$51,MATCH(1,(Classifiche!$A$4:$A$51="K")*(Classifiche!$L$4:$L$51=1),0)),0) | AS13: =IFERROR(INDEX(Classifiche!$AC$4:$AC$51,MATCH(1,(Classifiche!$A$4:$A$51="L")*(Classifiche!$L$4:$L$51=1),0)),0)
A14: 2 | B14: =IFERROR(INDEX(Classifiche!$B$4:$B$51,MATCH(1,(Classifiche!$A$4:$A$51="G")*(Classifiche!$L$4:$L$51=2),0)),"") | C14: =IFERROR(INDEX(Classifiche!$I$4:$I$51,MATCH(1,(Classifiche!$A$4:$A$51="G")*(Classifiche!$L$4:$L$51=2),0)),"") | D14: =IFERROR(INDEX(Classifiche!$AA$4:$AA$51,MATCH(1,(Classifiche!$A$4:$A$51="G")*(Classifiche!$L$4:$L$51=2),0)),"") | E14: =IFERROR(INDEX(Classifiche!$AB$4:$AB$51,MATCH(1,(Classifiche!$A$4:$A$51="G")*(Classifiche!$L$4:$L$51=2),0)),"") | G14: 2 | H14: =IFERROR(INDEX(Classifiche!$B$4:$B$51,MATCH(1,(Classifiche!$A$4:$A$51="H")*(Classifiche!$L$4:$L$51=2),0)),"") | I14: =IFERROR(INDEX(Classifiche!$I$4:$I$51,MATCH(1,(Classifiche!$A$4:$A$51="H")*(Classifiche!$L$4:$L$51=2),0)),"") | J14: =IFERROR(INDEX(Classifiche!$AA$4:$AA$51,MATCH(1,(Classifiche!$A$4:$A$51="H")*(Classifiche!$L$4:$L$51=2),0)),"") | K14: =IFERROR(INDEX(Classifiche!$AB$4:$AB$51,MATCH(1,(Classifiche!$A$4:$A$51="H")*(Classifiche!$L$4:$L$51=2),0)),"") | M14: 2 | N14: =IFERROR(INDEX(Classifiche!$B$4:$B$51,MATCH(1,(Classifiche!$A$4:$A$51="I")*(Classifiche!$L$4:$L$51=2),0)),"") | O14: =IFERROR(INDEX(Classifiche!$I$4:$I$51,MATCH(1,(Classifiche!$A$4:$A$51="I")*(Classifiche!$L$4:$L$51=2),0)),"") | P14: =IFERROR(INDEX(Classifiche!$AA$4:$AA$51,MATCH(1,(Classifiche!$A$4:$A$51="I")*(Classifiche!$L$4:$L$51=2),0)),"") | Q14: =IFERROR(INDEX(Classifiche!$AB$4:$AB$51,MATCH(1,(Classifiche!$A$4:$A$51="I")*(Classifiche!$L$4:$L$51=2),0)),"") | S14: 2 | T14: =IFERROR(INDEX(Classifiche!$B$4:$B$51,MATCH(1,(Classifiche!$A$4:$A$51="J")*(Classifiche!$L$4:$L$51=2),0)),"") | U14: =IFERROR(INDEX(Classifiche!$I$4:$I$51,MATCH(1,(Classifiche!$A$4:$A$51="J")*(Classifiche!$L$4:$L$51=2),0)),"") | V14: =IFERROR(INDEX(Classifiche!$AA$4:$AA$51,MATCH(1,(Classifiche!$A$4:$A$51="J")*(Classifiche!$L$4:$L$51=2),0)),"") | W14: =IFERROR(INDEX(Classifiche!$AB$4:$AB$51,MATCH(1,(Classifiche!$A$4:$A$51="J")*(Classifiche!$L$4:$L$51=2),0)),"") | Y14: 2 | Z14: =IFERROR(INDEX(Classifiche!$B$4:$B$51,MATCH(1,(Classifiche!$A$4:$A$51="K")*(Classifiche!$L$4:$L$51=2),0)),"") | AA14: =IFERROR(INDEX(Classifiche!$I$4:$I$51,MATCH(1,(Classifiche!$A$4:$A$51="K")*(Classifiche!$L$4:$L$51=2),0)),"") | AB14: =IFERROR(INDEX(Classifiche!$AA$4:$AA$51,MATCH(1,(Classifiche!$A$4:$A$51="K")*(Classifiche!$L$4:$L$51=2),0)),"") | AC14: =IFERROR(INDEX(Classifiche!$AB$4:$AB$51,MATCH(1,(Classifiche!$A$4:$A$51="K")*(Classifiche!$L$4:$L$51=2),0)),"") | AE14: 2 | AF14: =IFERROR(INDEX(Classifiche!$B$4:$B$51,MATCH(1,(Classifiche!$A$4:$A$51="L")*(Classifiche!$L$4:$L$51=2),0)),"") | AG14: =IFERROR(INDEX(Classifiche!$I$4:$I$51,MATCH(1,(Classifiche!$A$4:$A$51="L")*(Classifiche!$L$4:$L$51=2),0)),"") | AH14: =IFERROR(INDEX(Classifiche!$AA$4:$AA$51,MATCH(1,(Classifiche!$A$4:$A$51="L")*(Classifiche!$L$4:$L$51=2),0)),"") | AI14: =IFERROR(INDEX(Classifiche!$AB$4:$AB$51,MATCH(1,(Classifiche!$A$4:$A$51="L")*(Classifiche!$L$4:$L$51=2),0)),"") | AN14: =IFERROR(INDEX(Classifiche!$AC$4:$AC$51,MATCH(1,(Classifiche!$A$4:$A$51="G")*(Classifiche!$L$4:$L$51=2),0)),0) | AO14: =IFERROR(INDEX(Classifiche!$AC$4:$AC$51,MATCH(1,(Classifiche!$A$4:$A$51="H")*(Classifiche!$L$4:$L$51=2),0)),0) | AP14: =IFERROR(INDEX(Classifiche!$AC$4:$AC$51,MATCH(1,(Classifiche!$A$4:$A$51="I")*(Classifiche!$L$4:$L$51=2),0)),0) | AQ14: =IFERROR(INDEX(Classifiche!$AC$4:$AC$51,MATCH(1,(Classifiche!$A$4:$A$51="J")*(Classifiche!$L$4:$L$51=2),0)),0) | AR14: =IFERROR(INDEX(Classifiche!$AC$4:$AC$51,MATCH(1,(Classifiche!$A$4:$A$51="K")*(Classifiche!$L$4:$L$51=2),0)),0) | AS14: =IFERROR(INDEX(Classifiche!$AC$4:$AC$51,MATCH(1,(Classifiche!$A$4:$A$51="L")*(Classifiche!$L$4:$L$51=2),0)),0)
A15: 3 | B15: =IFERROR(INDEX(Classifiche!$B$4:$B$51,MATCH(1,(Classifiche!$A$4:$A$51="G")*(Classifiche!$L$4:$L$51=3),0)),"") | C15: =IFERROR(INDEX(Classifiche!$I$4:$I$51,MATCH(1,(Classifiche!$A$4:$A$51="G")*(Classifiche!$L$4:$L$51=3),0)),"") | D15: =IFERROR(INDEX(Classifiche!$AA$4:$AA$51,MATCH(1,(Classifiche!$A$4:$A$51="G")*(Classifiche!$L$4:$L$51=3),0)),"") | E15: =IFERROR(INDEX(Classifiche!$AB$4:$AB$51,MATCH(1,(Classifiche!$A$4:$A$51="G")*(Classifiche!$L$4:$L$51=3),0)),"") | G15: 3 | H15: =IFERROR(INDEX(Classifiche!$B$4:$B$51,MATCH(1,(Classifiche!$A$4:$A$51="H")*(Classifiche!$L$4:$L$51=3),0)),"") | I15: =IFERROR(INDEX(Classifiche!$I$4:$I$51,MATCH(1,(Classifiche!$A$4:$A$51="H")*(Classifiche!$L$4:$L$51=3),0)),"") | J15: =IFERROR(INDEX(Classifiche!$AA$4:$AA$51,MATCH(1,(Classifiche!$A$4:$A$51="H")*(Classifiche!$L$4:$L$51=3),0)),"") | K15: =IFERROR(INDEX(Classifiche!$AB$4:$AB$51,MATCH(1,(Classifiche!$A$4:$A$51="H")*(Classifiche!$L$4:$L$51=3),0)),"") | M15: 3 | N15: =IFERROR(INDEX(Classifiche!$B$4:$B$51,MATCH(1,(Classifiche!$A$4:$A$51="I")*(Classifiche!$L$4:$L$51=3),0)),"") | O15: =IFERROR(INDEX(Classifiche!$I$4:$I$51,MATCH(1,(Classifiche!$A$4:$A$51="I")*(Classifiche!$L$4:$L$51=3),0)),"") | P15: =IFERROR(INDEX(Classifiche!$AA$4:$AA$51,MATCH(1,(Classifiche!$A$4:$A$51="I")*(Classifiche!$L$4:$L$51=3),0)),"") | Q15: =IFERROR(INDEX(Classifiche!$AB$4:$AB$51,MATCH(1,(Classifiche!$A$4:$A$51="I")*(Classifiche!$L$4:$L$51=3),0)),"") | S15: 3 | T15: =IFERROR(INDEX(Classifiche!$B$4:$B$51,MATCH(1,(Classifiche!$A$4:$A$51="J")*(Classifiche!$L$4:$L$51=3),0)),"") | U15: =IFERROR(INDEX(Classifiche!$I$4:$I$51,MATCH(1,(Classifiche!$A$4:$A$51="J")*(Classifiche!$L$4:$L$51=3),0)),"") | V15: =IFERROR(INDEX(Classifiche!$AA$4:$AA$51,MATCH(1,(Classifiche!$A$4:$A$51="J")*(Classifiche!$L$4:$L$51=3),0)),"") | W15: =IFERROR(INDEX(Classifiche!$AB$4:$AB$51,MATCH(1,(Classifiche!$A$4:$A$51="J")*(Classifiche!$L$4:$L$51=3),0)),"") | Y15: 3 | Z15: =IFERROR(INDEX(Classifiche!$B$4:$B$51,MATCH(1,(Classifiche!$A$4:$A$51="K")*(Classifiche!$L$4:$L$51=3),0)),"") | AA15: =IFERROR(INDEX(Classifiche!$I$4:$I$51,MATCH(1,(Classifiche!$A$4:$A$51="K")*(Classifiche!$L$4:$L$51=3),0)),"") | AB15: =IFERROR(INDEX(Classifiche!$AA$4:$AA$51,MATCH(1,(Classifiche!$A$4:$A$51="K")*(Classifiche!$L$4:$L$51=3),0)),"") | AC15: =IFERROR(INDEX(Classifiche!$AB$4:$AB$51,MATCH(1,(Classifiche!$A$4:$A$51="K")*(Classifiche!$L$4:$L$51=3),0)),"") | AE15: 3 | AF15: =IFERROR(INDEX(Classifiche!$B$4:$B$51,MATCH(1,(Classifiche!$A$4:$A$51="L")*(Classifiche!$L$4:$L$51=3),0)),"") | AG15: =IFERROR(INDEX(Classifiche!$I$4:$I$51,MATCH(1,(Classifiche!$A$4:$A$51="L")*(Classifiche!$L$4:$L$51=3),0)),"") | AH15: =IFERROR(INDEX(Classifiche!$AA$4:$AA$51,MATCH(1,(Classifiche!$A$4:$A$51="L")*(Classifiche!$L$4:$L$51=3),0)),"") | AI15: =IFERROR(INDEX(Classifiche!$AB$4:$AB$51,MATCH(1,(Classifiche!$A$4:$A$51="L")*(Classifiche!$L$4:$L$51=3),0)),"") | AN15: =IFERROR(INDEX(Classifiche!$AC$4:$AC$51,MATCH(1,(Classifiche!$A$4:$A$51="G")*(Classifiche!$L$4:$L$51=3),0)),0) | AO15: =IFERROR(INDEX(Classifiche!$AC$4:$AC$51,MATCH(1,(Classifiche!$A$4:$A$51="H")*(Classifiche!$L$4:$L$51=3),0)),0) | AP15: =IFERROR(INDEX(Classifiche!$AC$4:$AC$51,MATCH(1,(Classifiche!$A$4:$A$51="I")*(Classifiche!$L$4:$L$51=3),0)),0) | AQ15: =IFERROR(INDEX(Classifiche!$AC$4:$AC$51,MATCH(1,(Classifiche!$A$4:$A$51="J")*(Classifiche!$L$4:$L$51=3),0)),0) | AR15: =IFERROR(INDEX(Classifiche!$AC$4:$AC$51,MATCH(1,(Classifiche!$A$4:$A$51="K")*(Classifiche!$L$4:$L$51=3),0)),0) | AS15: =IFERROR(INDEX(Classifiche!$AC$4:$AC$51,MATCH(1,(Classifiche!$A$4:$A$51="L")*(Classifiche!$L$4:$L$51=3),0)),0)
A16: 4 | B16: =IFERROR(INDEX(Classifiche!$B$4:$B$51,MATCH(1,(Classifiche!$A$4:$A$51="G")*(Classifiche!$L$4:$L$51=4),0)),"") | C16: =IFERROR(INDEX(Classifiche!$I$4:$I$51,MATCH(1,(Classifiche!$A$4:$A$51="G")*(Classifiche!$L$4:$L$51=4),0)),"") | D16: =IFERROR(INDEX(Classifiche!$AA$4:$AA$51,MATCH(1,(Classifiche!$A$4:$A$51="G")*(Classifiche!$L$4:$L$51=4),0)),"") | E16: =IFERROR(INDEX(Classifiche!$AB$4:$AB$51,MATCH(1,(Classifiche!$A$4:$A$51="G")*(Classifiche!$L$4:$L$51=4),0)),"") | G16: 4 | H16: =IFERROR(INDEX(Classifiche!$B$4:$B$51,MATCH(1,(Classifiche!$A$4:$A$51="H")*(Classifiche!$L$4:$L$51=4),0)),"") | I16: =IFERROR(INDEX(Classifiche!$I$4:$I$51,MATCH(1,(Classifiche!$A$4:$A$51="H")*(Classifiche!$L$4:$L$51=4),0)),"") | J16: =IFERROR(INDEX(Classifiche!$AA$4:$AA$51,MATCH(1,(Classifiche!$A$4:$A$51="H")*(Classifiche!$L$4:$L$51=4),0)),"") | K16: =IFERROR(INDEX(Classifiche!$AB$4:$AB$51,MATCH(1,(Classifiche!$A$4:$A$51="H")*(Classifiche!$L$4:$L$51=4),0)),"") | M16: 4 | N16: =IFERROR(INDEX(Classifiche!$B$4:$B$51,MATCH(1,(Classifiche!$A$4:$A$51="I")*(Classifiche!$L$4:$L$51=4),0)),"") | O16: =IFERROR(INDEX(Classifiche!$I$4:$I$51,MATCH(1,(Classifiche!$A$4:$A$51="I")*(Classifiche!$L$4:$L$51=4),0)),"") | P16: =IFERROR(INDEX(Classifiche!$AA$4:$AA$51,MATCH(1,(Classifiche!$A$4:$A$51="I")*(Classifiche!$L$4:$L$51=4),0)),"") | Q16: =IFERROR(INDEX(Classifiche!$AB$4:$AB$51,MATCH(1,(Classifiche!$A$4:$A$51="I")*(Classifiche!$L$4:$L$51=4),0)),"") | S16: 4 | T16: =IFERROR(INDEX(Classifiche!$B$4:$B$51,MATCH(1,(Classifiche!$A$4:$A$51="J")*(Classifiche!$L$4:$L$51=4),0)),"") | U16: =IFERROR(INDEX(Classifiche!$I$4:$I$51,MATCH(1,(Classifiche!$A$4:$A$51="J")*(Classifiche!$L$4:$L$51=4),0)),"") | V16: =IFERROR(INDEX(Classifiche!$AA$4:$AA$51,MATCH(1,(Classifiche!$A$4:$A$51="J")*(Classifiche!$L$4:$L$51=4),0)),"") | W16: =IFERROR(INDEX(Classifiche!$AB$4:$AB$51,MATCH(1,(Classifiche!$A$4:$A$51="J")*(Classifiche!$L$4:$L$51=4),0)),"") | Y16: 4 | Z16: =IFERROR(INDEX(Classifiche!$B$4:$B$51,MATCH(1,(Classifiche!$A$4:$A$51="K")*(Classifiche!$L$4:$L$51=4),0)),"") | AA16: =IFERROR(INDEX(Classifiche!$I$4:$I$51,MATCH(1,(Classifiche!$A$4:$A$51="K")*(Classifiche!$L$4:$L$51=4),0)),"") | AB16: =IFERROR(INDEX(Classifiche!$AA$4:$AA$51,MATCH(1,(Classifiche!$A$4:$A$51="K")*(Classifiche!$L$4:$L$51=4),0)),"") | AC16: =IFERROR(INDEX(Classifiche!$AB$4:$AB$51,MATCH(1,(Classifiche!$A$4:$A$51="K")*(Classifiche!$L$4:$L$51=4),0)),"") | AE16: 4 | AF16: =IFERROR(INDEX(Classifiche!$B$4:$B$51,MATCH(1,(Classifiche!$A$4:$A$51="L")*(Classifiche!$L$4:$L$51=4),0)),"") | AG16: =IFERROR(INDEX(Classifiche!$I$4:$I$51,MATCH(1,(Classifiche!$A$4:$A$51="L")*(Classifiche!$L$4:$L$51=4),0)),"") | AH16: =IFERROR(INDEX(Classifiche!$AA$4:$AA$51,MATCH(1,(Classifiche!$A$4:$A$51="L")*(Classifiche!$L$4:$L$51=4),0)),"") | AI16: =IFERROR(INDEX(Classifiche!$AB$4:$AB$51,MATCH(1,(Classifiche!$A$4:$A$51="L")*(Classifiche!$L$4:$L$51=4),0)),"") | AN16: =IFERROR(INDEX(Classifiche!$AC$4:$AC$51,MATCH(1,(Classifiche!$A$4:$A$51="G")*(Classifiche!$L$4:$L$51=4),0)),0) | AO16: =IFERROR(INDEX(Classifiche!$AC$4:$AC$51,MATCH(1,(Classifiche!$A$4:$A$51="H")*(Classifiche!$L$4:$L$51=4),0)),0) | AP16: =IFERROR(INDEX(Classifiche!$AC$4:$AC$51,MATCH(1,(Classifiche!$A$4:$A$51="I")*(Classifiche!$L$4:$L$51=4),0)),0) | AQ16: =IFERROR(INDEX(Classifiche!$AC$4:$AC$51,MATCH(1,(Classifiche!$A$4:$A$51="J")*(Classifiche!$L$4:$L$51=4),0)),0) | AR16: =IFERROR(INDEX(Classifiche!$AC$4:$AC$51,MATCH(1,(Classifiche!$A$4:$A$51="K")*(Classifiche!$L$4:$L$51=4),0)),0) | AS16: =IFERROR(INDEX(Classifiche!$AC$4:$AC$51,MATCH(1,(Classifiche!$A$4:$A$51="L")*(Classifiche!$L$4:$L$51=4),0)),0)

Sheet Scommesse
A1: N. bolletta | B1: Indice | C1: Gruppo | D1: Prima squadra | E1: Seconda squadra | F1: Quota | G1: Pos 1a | H1: Pos 2a | I1: Qual 1a | J1: Qual 2a | K1: Elim 1a | L1: Elim 2a | M1: Girone chiuso | N1: Entrambe | O1: STATO | P1: Definitivo | Q1: _q | R1: _dead | S1: _code
A2: 1 | B2: 1 | C2: C | D2: Brasile | E2: Scozia | F2: 2.25 | G2: =IFERROR(INDEX(Classifiche!$L$4:$L$51,MATCH(D2,Classifiche!$B$4:$B$51,0)),"") | H2: =IFERROR(INDEX(Classifiche!$L$4:$L$51,MATCH(E2,Classifiche!$B$4:$B$51,0)),"") | I2: =IFERROR(INDEX(Classifiche!$M$4:$M$51,MATCH(D2,Classifiche!$B$4:$B$51,0)),FALSE) | J2: =IFERROR(INDEX(Classifiche!$M$4:$M$51,MATCH(E2,Classifiche!$B$4:$B$51,0)),FALSE) | K2: =IFERROR(INDEX(Classifiche!$O$4:$O$51,MATCH(D2,Classifiche!$B$4:$B$51,0)),FALSE) | L2: =IFERROR(INDEX(Classifiche!$O$4:$O$51,MATCH(E2,Classifiche!$B$4:$B$51,0)),FALSE) | M2: =IFERROR(INDEX(Classifiche!$V$4:$V$15,MATCH(C2,Classifiche!$U$4:$U$15,0)),FALSE) | N2: =AND(I2,J2) | O2: =IF(N2,IF(M2,"VINTA (def.)","In vincita"),IF(OR(K2,L2,M2),"PERSA (def.)","In perdita")) | P2: =IF(OR(AND(N2,M2),AND(NOT(N2),OR(K2,L2,M2))),"SI","NO") | Q2: =IF(N2,1,0) | R2: =IF(OR(K2,L2,AND(M2,NOT(N2))),1,0) | S2: =IF(N2,IF(M2,2,1),IF(OR(K2,L2,M2),-2,-1))
A3: 1 | B3: 2 | C3: E | D3: Germania | E3: Ecuador | F3: 1.65 | G3: =IFERROR(INDEX(Classifiche!$L$4:$L$51,MATCH(D3,Classifiche!$B$4:$B$51,0)),"") | H3: =IFERROR(INDEX(Classifiche!$L$4:$L$51,MATCH(E3,Classifiche!$B$4:$B$51,0)),"") | I3: =IFERROR(INDEX(Classifiche!$M$4:$M$51,MATCH(D3,Classifiche!$B$4:$B$51,0)),FALSE) | J3: =IFERROR(INDEX(Classifiche!$M$4:$M$51,MATCH(E3,Classifiche!$B$4:$B$51,0)),FALSE) | K3: =IFERROR(INDEX(Classifiche!$O$4:$O$51,MATCH(D3,Classifiche!$B$4:$B$51,0)),FALSE) | L3: =IFERROR(INDEX(Classifiche!$O$4:$O$51,MATCH(E3,Classifiche!$B$4:$B$51,0)),FALSE) | M3: =IFERROR(INDEX(Classifiche!$V$4:$V$15,MATCH(C3,Classifiche!$U$4:$U$15,0)),FALSE) | N3: =AND(I3,J3) | O3: =IF(N3,IF(M3,"VINTA (def.)","In vincita"),IF(OR(K3,L3,M3),"PERSA (def.)","In perdita")) | P3: =IF(OR(AND(N3,M3),AND(NOT(N3),OR(K3,L3,M3))),"SI","NO") | Q3: =IF(N3,1,0) | R3: =IF(OR(K3,L3,AND(M3,NOT(N3))),1,0) | S3: =IF(N3,IF(M3,2,1),IF(OR(K3,L3,M3),-2,-1))
A4: 1 | B4: 3 | C4: F | D4: Olanda | E4: Giappone | F4: 2.25 | G4: =IFERROR(INDEX(Classifiche!$L$4:$L$51,MATCH(D4,Classifiche!$B$4:$B$51,0)),"") | H4: =IFERROR(INDEX(Classifiche!$L$4:$L$51,MATCH(E4,Classifiche!$B$4:$B$51,0)),"") | I4: =IFERROR(INDEX(Classifiche!$M$4:$M$51,MATCH(D4,Classifiche!$B$4:$B$51,0)),FALSE) | J4: =IFERROR(INDEX(Classifiche!$M$4:$M$51,MATCH(E4,Classifiche!$B$4:$B$51,0)),FALSE) | K4: =IFERROR(INDEX(Classifiche!$O$4:$O$51,MATCH(D4,Classifiche!$B$4:$B$51,0)),FALSE) | L4: =IFERROR(INDEX(Classifiche!$O$4:$O$51,MATCH(E4,Classifiche!$B$4:$B$51,0)),FALSE) | M4: =IFERROR(INDEX(Classifiche!$V$4:$V$15,MATCH(C4,Classifiche!$U$4:$U$15,0)),FALSE) | N4: =AND(I4,J4) | O4: =IF(N4,IF(M4,"VINTA (def.)","In vincita"),IF(OR(K4,L4,M4),"PERSA (def.)","In perdita")) | P4: =IF(OR(AND(N4,M4),AND(NOT(N4),OR(K4,L4,M4))),"SI","NO") | Q4: =IF(N4,1,0) | R4: =IF(OR(K4,L4,AND(M4,NOT(N4))),1,0) | S4: =IF(N4,IF(M4,2,1),IF(OR(K4,L4,M4),-2,-1))
A5: 1 | B5: 4 | C5: F | D5: Olanda | E5: Svezia | F5: 2.75 | G5: =IFERROR(INDEX(Classifiche!$L$4:$L$51,MATCH(D5,Classifiche!$B$4:$B$51,0)),"") | H5: =IFERROR(INDEX(Classifiche!$L$4:$L$51,MATCH(E5,Classifiche!$B$4:$B$51,0)),"") | I5: =IFERROR(INDEX(Classifiche!$M$4:$M$51,MATCH(D5,Classifiche!$B$4:$B$51,0)),FALSE) | J5: =IFERROR(INDEX(Classifiche!$M$4:$M$51,MATCH(E5,Classifiche!$B$4:$B$51,0)),FALSE) | K5: =IFERROR(INDEX(Classifiche!$O$4:$O$51,MATCH(D5,Classifiche!$B$4:$B$51,0)),FALSE) | L5: =IFERROR(INDEX(Classifiche!$O$4:$O$51,MATCH(E5,Classifiche!$B$4:$B$51,0)),FALSE) | M5: =IFERROR(INDEX(Classifiche!$V$4:$V$15,MATCH(C5,Classifiche!$U$4:$U$15,0)),FALSE) | N5: =AND(I5,J5) | O5: =IF(N5,IF(M5,"VINTA (def.)","In vincita"),IF(OR(K5,L5,M5),"PERSA (def.)","In perdita")) | P5: =IF(OR(AND(N5,M5),AND(NOT(N5),OR(K5,L5,M5))),"SI","NO") | Q5: =IF(N5,1,0) | R5: =IF(OR(K5,L5,AND(M5,NOT(N5))),1,0) | S5: =IF(N5,IF(M5,2,1),IF(OR(K5,L5,M5),-2,-1))
A6: 1 | B6: 5 | C6: F | D6: Giappone | E6: Svezia | F6: 5 | G6: =IFERROR(INDEX(Classifiche!$L$4:$L$51,MATCH(D6,Classifiche!$B$4:$B$51,0)),"") | H6: =IFERROR(INDEX(Classifiche!$L$4:$L$51,MATCH(E6,Classifiche!$B$4:$B$51,0)),"") | I6: =IFERROR(INDEX(Classifiche!$M$4:$M$51,MATCH(D6,Classifiche!$B$4:$B$51,0)),FALSE) | J6: =IFERROR(INDEX(Classifiche!$M$4:$M$51,MATCH(E6,Classifiche!$B$4:$B$51,0)),FALSE) | K6: =IFERROR(INDEX(Classifiche!$O$4:$O$51,MATCH(D6,Classifiche!$B$4:$B$51,0)),FALSE) | L6: =IFERROR(INDEX(Classifiche!$O$4:$O$51,MATCH(E6,Classifiche!$B$4:$B$51,0)),FALSE) | M6: =IFERROR(INDEX(Classifiche!$V$4:$V$15,MATCH(C6,Classifiche!$U$4:$U$15,0)),FALSE) | N6: =AND(I6,J6) | O6: =IF(N6,IF(M6,"VINTA (def.)","In vincita"),IF(OR(K6,L6,M6),"PERSA (def.)","In perdita")) | P6: =IF(OR(AND(N6,M6),AND(NOT(N6),OR(K6,L6,M6))),"SI","NO") | Q6: =IF(N6,1,0) | R6: =IF(OR(K6,L6,AND(M6,NOT(N6))),1,0) | S6: =IF(N6,IF(M6,2,1),IF(OR(K6,L6,M6),-2,-1))
A7: 1 | B7: 6 | C7: D | D7: Stati Uniti | E7: Turchia | F7: 2.25 | G7: =IFERROR(INDEX(Classifiche!$L$4:$L$51,MATCH(D7,Classifiche!$B$4:$B$51,0)),"") | H7: =IFERROR(INDEX(Classifiche!$L$4:$L$51,MATCH(E7,Classifiche!$B$4:$B$51,0)),"") | I7: =IFERROR(INDEX(Classifiche!$M$4:$M$51,MATCH(D7,Classifiche!$B$4:$B$51,0)),FALSE) | J7: =IFERROR(INDEX(Classifiche!$M$4:$M$51,MATCH(E7,Classifiche!$B$4:$B$51,0)),FALSE) | K7: =IFERROR(INDEX(Classifiche!$O$4:$O$51,MATCH(D7,Classifiche!$B$4:$B$51,0)),FALSE) | L7: =IFERROR(INDEX(Classifiche!$O$4:$O$51,MATCH(E7,Classifiche!$B$4:$B$51,0)),FALSE) | M7: =IFERROR(INDEX(Classifiche!$V$4:$V$15,MATCH(C7,Classifiche!$U$4:$U$15,0)),FALSE) | N7: =AND(I7,J7) | O7: =IF(N7,IF(M7,"VINTA (def.)","In vincita"),IF(OR(K7,L7,M7),"PERSA (def.)","In perdita")) | P7: =IF(OR(AND(N7,M7),AND(NOT(N7),OR(K7,L7,M7))),"SI","NO") | Q7: =IF(N7,1,0) | R7: =IF(OR(K7,L7,AND(M7,NOT(N7))),1,0) | S7: =IF(N7,IF(M7,2,1),IF(OR(K7,L7,M7),-2,-1))
A8: 1 | B8: 7 | C8: D | D8: Stati Uniti | E8: Paraguay | F8: 3.5 | G8: =IFERROR(INDEX(Classifiche!$L$4:$L$51,MATCH(D8,Classifiche!$B$4:$B$51,0)),"") | H8: =IFERROR(INDEX(Classifiche!$L$4:$L$51,MATCH(E8,Classifiche!$B$4:$B$51,0)),"") | I8: =IFERROR(INDEX(Classifiche!$M$4:$M$51,MATCH(D8,Classifiche!$B$4:$B$51,0)),FALSE) | J8: =IFERROR(INDEX(Classifiche!$M$4:$M$51,MATCH(E8,Classifiche!$B$4:$B$51,0)),FALSE) | K8: =IFERROR(INDEX(Classifiche!$O$4:$O$51,MATCH(D8,Classifiche!$B$4:$B$51,0)),FALSE) | L8: =IFERROR(INDEX(Classifiche!$O$4:$O$51,MATCH(E8,Classifiche!$B$4:$B$51,0)),FALSE) | M8: =IFERROR(INDEX(Classifiche!$V$4:$V$15,MATCH(C8,Classifiche!$U$4:$U$15,0)),FALSE) | N8: =AND(I8,J8) | O8: =IF(N8,IF(M8,"VINTA (def.)","In vincita"),IF(OR(K8,L8,M8),"PERSA (def.)","In perdita")) | P8: =IF(OR(AND(N8,M8),AND(NOT(N8),OR(K8,L8,M8))),"SI","NO") | Q8: =IF(N8,1,0) | R8: =IF(OR(K8,L8,AND(M8,NOT(N8))),1,0) | S8: =IF(N8,IF(M8,2,1),IF(OR(K8,L8,M8),-2,-1))
A9: 1 | B9: 8 | C9: D | D9: Turchia | E9: Paraguay | F9: 4.5 | G9: =IFERROR(INDEX(Classifiche!$L$4:$L$51,MATCH(D9,Classifiche!$B$4:$B$51,0)),"") | H9: =IFERROR(INDEX(Classifiche!$L$4:$L$51,MATCH(E9,Classifiche!$B$4:$B$51,0)),"") | I9: =IFERROR(INDEX(Classifiche!$M$4:$M$51,MATCH(D9,Classifiche!$B$4:$B$51,0)),FALSE) | J9: =IFERROR(INDEX(Classifiche!$M$4:$M$51,MATCH(E9,Classifiche!$B$4:$B$51,0)),FALSE) | K9: =IFERROR(INDEX(Classifiche!$O$4:$O$51,MATCH(D9,Classifiche!$B$4:$B$51,0)),FALSE) | L9: =IFERROR(INDEX(Classifiche!$O$4:$O$51,MATCH(E9,Classifiche!$B$4:$B$51,0)),FALSE) | M9: =IFERROR(INDEX(Classifiche!$V$4:$V$15,MATCH(C9,Classifiche!$U$4:$U$15,0)),FALSE) | N9: =AND(I9,J9) | O9: =IF(N9,IF(M9,"VINTA (def.)","In vincita"),IF(OR(K9,L9,M9),"PERSA (def.)","In perdita")) | P9: =IF(OR(AND(N9,M9),AND(NOT(N9),OR(K9,L9,M9))),"SI","NO") | Q9: =IF(N9,1,0) | R9: =IF(OR(K9,L9,AND(M9,NOT(N9))),1,0) | S9: =IF(N9,IF(M9,2,1),IF(OR(K9,L9,M9),-2,-1))
A10: 1 | B10: 9 | C10: I | D10: Francia | E10: Senegal | F10: 2.5 | G10: =IFERROR(INDEX(Classifiche!$L$4:$L$51,MATCH(D10,Classifiche!$B$4:$B$51,0)),"") | H10: =IFERROR(INDEX(Classifiche!$L$4:$L$51,MATCH(E10,Classifiche!$B$4:$B$51,0)),"") | I10: =IFERROR(INDEX(Classifiche!$M$4:$M$51,MATCH(D10,Classifiche!$B$4:$B$51,0)),FALSE) | J10: =IFERROR(INDEX(Classifiche!$M$4:$M$51,MATCH(E10,Classifiche!$B$4:$B$51,0)),FALSE) | K10: =IFERROR(INDEX(Classifiche!$O$4:$O$51,MATCH(D10,Classifiche!$B$4:$B$51,0)),FALSE) | L10: =IFERROR(INDEX(Classifiche!$O$4:$O$51,MATCH(E10,Classifiche!$B$4:$B$51,0)),FALSE) | M10: =IFERROR(INDEX(Classifiche!$V$4:$V$15,MATCH(C10,Classifiche!$U$4:$U$15,0)),FALSE) | N10: =AND(I10,J10) | O10: =IF(N10,IF(M10,"VINTA (def.)","In vincita"),IF(OR(K10,L10,M10),"PERSA (def.)","In perdita")) | P10: =IF(OR(AND(N10,M10),AND(NOT(N10),OR(K10,L10,M10))),"SI","NO") | Q10: =IF(N10,1,0) | R10: =IF(OR(K10,L10,AND(M10,NOT(N10))),1,0) | S10: =IF(N10,IF(M10,2,1),IF(OR(K10,L10,M10),-2,-1))
A11: 1 | B11: 10 | C11: H | D11: Spagna | E11: Arabia Saudita | F11: 3.5 | G11: =IFERROR(INDEX(Classifiche!$L$4:$L$51,MATCH(D11,Classifiche!$B$4:$B$51,0)),"") | H11: =IFERROR(INDEX(Classifiche!$L$4:$L$51,MATCH(E11,Classifiche!$B$4:$B$51,0)),"") | I11: =IFERROR(INDEX(Classifiche!$M$4:$M$51,MATCH(D11,Classifiche!$B$4:$B$51,0)),FALSE) | J11: =IFERROR(INDEX(Classifiche!$M$4:$M$51,MATCH(E11,Classifiche!$B$4:$B$51,0)),FALSE) | K11: =IFERROR(INDEX(Classifiche!$O$4:$O$51,MATCH(D11,Classifiche!$B$4:$B$51,0)),FALSE) | L11: =IFERROR(INDEX(Classifiche!$O$4:$O$51,MATCH(E11,Classifiche!$B$4:$B$51,0)),FALSE) | M11: =IFERROR(INDEX(Classifiche!$V$4:$V$15,MATCH(C11,Classifiche!$U$4:$U$15,0)),FALSE) | N11: =AND(I11,J11) | O11: =IF(N11,IF(M11,"VINTA (def.)","In vincita"),IF(OR(K11,L11,M11),"PERSA (def.)","In perdita")) | P11: =IF(OR(AND(N11,M11),AND(NOT(N11),OR(K11,L11,M11))),"SI","NO") | Q11: =IF(N11,1,0) | R11: =IF(OR(K11,L11,AND(M11,NOT(N11))),1,0) | S11: =IF(N11,IF(M11,2,1),IF(OR(K11,L11,M11),-2,-1))
A12: 1 | B12: 11 | C12: G | D12: Belgio | E12: Egitto | F12: 1.85 | G12: =IFERROR(INDEX(Classifiche!$L$4:$L$51,MATCH(D12,Classifiche!$B$4:$B$51,0)),"") | H12: =IFERROR(INDEX(Classifiche!$L$4:$L$51,MATCH(E12,Classifiche!$B$4:$B$51,0)),"") | I12: =IFERROR(INDEX(Classifiche!$M$4:$M$51,MATCH(D12,Classifiche!$B$4:$B$51,0)),FALSE) | J12: =IFERROR(INDEX(Classifiche!$M$4:$M$51,MATCH(E12,Classifiche!$B$4:$B$51,0)),FALSE) | K12: =IFERROR(INDEX(Classifiche!$O$4:$O$51,MATCH(D12,Classifiche!$B$4:$B$51,0)),FALSE) | L12: =IFERROR(INDEX(Classifiche!$O$4:$O$51,MATCH(E12,Classifiche!$B$4:$B$51,0)),FALSE) | M12: =IFERROR(INDEX(Classifiche!$V$4:$V$15,MATCH(C12,Classifiche!$U$4:$U$15,0)),FALSE) | N12: =AND(I12,J12) | O12: =IF(N12,IF(M12,"VINTA (def.)","In vincita"),IF(OR(K12,L12,M12),"PERSA (def.)","In perdita")) | P12: =IF(OR(AND(N12,M12),AND(NOT(N12),OR(K12,L12,M12))),"SI","NO") | Q12: =IF(N12,1,0) | R12: =IF(OR(K12,L12,AND(M12,NOT(N12))),1,0) | S12: =IF(N12,IF(M12,2,1),IF(OR(K12,L12,M12),-2,-1))
A13: 1 | B13: 12 | C13: G | D13: Belgio | E13: Iran | F13: 7.5 | G13: =IFERROR(INDEX(Classifiche!$L$4:$L$51,MATCH(D13,Classifiche!$B$4:$B$51,0)),"") | H13: =IFERROR(INDEX(Classifiche!$L$4:$L$51,MATCH(E13,Classifiche!$B$4:$B$51,0)),"") | I13: =IFERROR(INDEX(Classifiche!$M$4:$M$51,MATCH(D13,Classifiche!$B$4:$B$51,0)),FALSE) | J13: =IFERROR(INDEX(Classifiche!$M$4:$M$51,MATCH(E13,Classifiche!$B$4:$B$51,0)),FALSE) | K13: =IFERROR(INDEX(Classifiche!$O$4:$O$51,MATCH(D13,Classifiche!$B$4:$B$51,0)),FALSE) | L13: =IFERROR(INDEX(Classifiche!$O$4:$O$51,MATCH(E13,Classifiche!$B$4:$B$51,0)),FALSE) | M13: =IFERROR(INDEX(Classifiche!$V$4:$V$15,MATCH(C13,Classifiche!$U$4:$U$15,0)),FALSE) | N13: =AND(I13,J13) | O13: =IF(N13,IF(M13,"VINTA (def.)","In vincita"),IF(OR(K13,L13,M13),"PERSA (def.)","In perdita")) | P13: =IF(OR(AND(N13,M13),AND(NOT(N13),OR(K13,L13,M13))),"SI","NO") | Q13: =IF(N13,1,0) | R13: =IF(OR(K13,L13,AND(M13,NOT(N13))),1,0) | S13: =IF(N13,IF(M13,2,1),IF(OR(K13,L13,M13),-2,-1))
... A151: 9 | B151: 17 | C151: J | D151: Argentina | E151: Algeria | F151: 2.25 | G151: =IFERROR(INDEX(Classifiche!$L$4:$L$51,MATCH(D151,Classifiche!$B$4:$B$51,0)),"") | H151: =IFERROR(INDEX(Classifiche!$L$4:$L$51,MATCH(E151,Classifiche!$B$4:$B$51,0)),"") | I151: =IFERROR(INDEX(Classifiche!$M$4:$M$51,MATCH(D151,Classifiche!$B$4:$B$51,0)),FALSE) | J151: =IFERROR(INDEX(Classifiche!$M$4:$M$51,MATCH(E151,Classifiche!$B$4:$B$51,0)),FALSE) | K151: =IFERROR(INDEX(Classifiche!$O$4:$O$51,MATCH(D151,Classifiche!$B$4:$B$51,0)),FALSE) | L151: =IFERROR(INDEX(Classifiche!$O$4:$O$51,MATCH(E151,Classifiche!$B$4:$B$51,0)),FALSE) | M151: =IFERROR(INDEX(Classifiche!$V$4:$V$15,MATCH(C151,Classifiche!$U$4:$U$15,0)),FALSE) | N151: =AND(I151,J151) | O151: =IF(N151,IF(M151,"VINTA (def.)","In vincita"),IF(OR(K151,L151,M151),"PERSA (def.)","In perdita")) | P151: =IF(OR(AND(N151,M151),AND(NOT(N151),OR(K151,L151,M151))),"SI","NO") | Q151: =IF(N151,1,0) | R151: =IF(OR(K151,L151,AND(M151,NOT(N151))),1,0) | S151: =IF(N151,IF(M151,2,1),IF(OR(K151,L151,M151),-2,-1))

Sheet Classifiche
A1: CLASSIFICHE GIRONI - Mondiali 2026 | K1: Ultimo aggiornamento: | M1: =Config!$B$2
A2: Dati live da football-data.org (Apps Script). In modalita' SIM (Config!B1=ON) i risultati NON vengono sovrascritti: modificali a mano nelle celle gialle. | K2: Stato: | M2: =Config!$B$3
A3: Gruppo | B3: Squadra | C3: V | D3: N | E3: P | F3: GF | G3: GS | H3: PG | I3: Punti | J3: DR | K3: Score | L3: Pos | M3: Qualif. | N3: MaxPti | O3: Elim. | P3: Esito | Q3: Obbligo scommesse | R3: _app | S3: _tot | T3: PosUff | U3: Gruppo | V3: Completato
A4: A | B4: Messico | C4: 0 | D4: 0 | E4: 0 | F4: 0 | G4: 0 | H4: =C4+D4+E4 | I4: =C4*3+D4 | J4: =F4-G4 | K4: =$I4*1000000000+($J4+1000)*100000+$F4*100+(51-ROW()) | L4: =IF($T4>0,$T4,SUMPRODUCT(($A$4:$A$51=$A4)*($K$4:$K$51>$K4))+1) | M4: =($L4<=2) | N4: =$I4+(3-$H4)*3 | O4: =SUMPRODUCT(($A$4:$A$51=$A4)*($I$4:$I$51>$N4))>=2 | P4: =IF(SUMPRODUCT(($A$4:$A$51=$A4)*($H$4:$H$51<3))=0,IF($M4,"Qualificata","Eliminata"),IF($O4,"Fuori dai giochi",IF($M4,"In zona qualif.","In corsa"))) | Q4: =IF($S4=0,"",IF($R4=0,"NON deve passare",IF($R4>=$S4,"DEVE passare","contesa"))) | R4: =COUNTIF(Scommesse!$D$2:$D$151,$B4)+COUNTIF(Scommesse!$E$2:$E$151,$B4) | S4: =COUNTIF(Scommesse!$C$2:$C$151,$A4) | U4: A | V4: =SUMPRODUCT(($A$4:$A$51=$U4)*($H$4:$H$51<3))=0 | X4: =$L4 | Y4: =$B4 | Z4: =$I4 | AA4: =MAX(0,3-$H4) | AB4: =IF($S4=0,"",IF($R4=0,"⛔",IF($R4>=$S4,"✅","·"))) | AC4: =IF($S4=0,0,IF($R4=0,-1,IF($R4>=$S4,1,0)))
A5: A | B5: Sudafrica | C5: 0 | D5: 0 | E5: 0 | F5: 0 | G5: 0 | H5: =C5+D5+E5 | I5: =C5*3+D5 | J5: =F5-G5 | K5: =$I5*1000000000+($J5+1000)*100000+$F5*100+(51-ROW()) | L5: =IF($T5>0,$T5,SUMPRODUCT(($A$4:$A$51=$A5)*($K$4:$K$51>$K5))+1) | M5: =($L5<=2) | N5: =$I5+(3-$H5)*3 | O5: =SUMPRODUCT(($A$4:$A$51=$A5)*($I$4:$I$51>$N5))>=2 | P5: =IF(SUMPRODUCT(($A$4:$A$51=$A5)*($H$4:$H$51<3))=0,IF($M5,"Qualificata","Eliminata"),IF($O5,"Fuori dai giochi",IF($M5,"In zona qualif.","In corsa"))) | Q5: =IF($S5=0,"",IF($R5=0,"NON deve passare",IF($R5>=$S5,"DEVE passare","contesa"))) | R5: =COUNTIF(Scommesse!$D$2:$D$151,$B5)+COUNTIF(Scommesse!$E$2:$E$151,$B5) | S5: =COUNTIF(Scommesse!$C$2:$C$151,$A5) | U5: B | V5: =SUMPRODUCT(($A$4:$A$51=$U5)*($H$4:$H$51<3))=0 | X5: =$L5 | Y5: =$B5 | Z5: =$I5 | AA5: =MAX(0,3-$H5) | AB5: =IF($S5=0,"",IF($R5=0,"⛔",IF($R5>=$S5,"✅","·"))) | AC5: =IF($S5=0,0,IF($R5=0,-1,IF($R5>=$S5,1,0)))
A6: A | B6: Corea del Sud | C6: 0 | D6: 0 | E6: 0 | F6: 0 | G6: 0 | H6: =C6+D6+E6 | I6: =C6*3+D6 | J6: =F6-G6 | K6: =$I6*1000000000+($J6+1000)*100000+$F6*100+(51-ROW()) | L6: =IF($T6>0,$T6,SUMPRODUCT(($A$4:$A$51=$A6)*($K$4:$K$51>$K6))+1) | M6: =($L6<=2) | N6: =$I6+(3-$H6)*3 | O6: =SUMPRODUCT(($A$4:$A$51=$A6)*($I$4:$I$51>$N6))>=2 | P6: =IF(SUMPRODUCT(($A$4:$A$51=$A6)*($H$4:$H$51<3))=0,IF($M6,"Qualificata","Eliminata"),IF($O6,"Fuori dai giochi",IF($M6,"In zona qualif.","In corsa"))) | Q6: =IF($S6=0,"",IF($R6=0,"NON deve passare",IF($R6>=$S6,"DEVE passare","contesa"))) | R6: =COUNTIF(Scommesse!$D$2:$D$151,$B6)+COUNTIF(Scommesse!$E$2:$E$151,$B6) | S6: =COUNTIF(Scommesse!$C$2:$C$151,$A6) | U6: C | V6: =SUMPRODUCT(($A$4:$A$51=$U6)*($H$4:$H$51<3))=0 | X6: =$L6 | Y6: =$B6 | Z6: =$I6 | AA6: =MAX(0,3-$H6) | AB6: =IF($S6=0,"",IF($R6=0,"⛔",IF($R6>=$S6,"✅","·"))) | AC6: =IF($S6=0,0,IF($R6=0,-1,IF($R6>=$S6,1,0)))
A7: A | B7: Rep. Ceca | C7: 0 | D7: 0 | E7: 0 | F7: 0 | G7: 0 | H7: =C7+D7+E7 | I7: =C7*3+D7 | J7: =F7-G7 | K7: =$I7*1000000000+($J7+1000)*100000+$F7*100+(51-ROW()) | L7: =IF($T7>0,$T7,SUMPRODUCT(($A$4:$A$51=$A7)*($K$4:$K$51>$K7))+1) | M7: =($L7<=2) | N7: =$I7+(3-$H7)*3 | O7: =SUMPRODUCT(($A$4:$A$51=$A7)*($I$4:$I$51>$N7))>=2 | P7: =IF(SUMPRODUCT(($A$4:$A$51=$A7)*($H$4:$H$51<3))=0,IF($M7,"Qualificata","Eliminata"),IF($O7,"Fuori dai giochi",IF($M7,"In zona qualif.","In corsa"))) | Q7: =IF($S7=0,"",IF($R7=0,"NON deve passare",IF($R7>=$S7,"DEVE passare","contesa"))) | R7: =COUNTIF(Scommesse!$D$2:$D$151,$B7)+COUNTIF(Scommesse!$E$2:$E$151,$B7) | S7: =COUNTIF(Scommesse!$C$2:$C$151,$A7) | U7: D | V7: =SUMPRODUCT(($A$4:$A$51=$U7)*($H$4:$H$51<3))=0 | X7: =$L7 | Y7: =$B7 | Z7: =$I7 | AA7: =MAX(0,3-$H7) | AB7: =IF($S7=0,"",IF($R7=0,"⛔",IF($R7>=$S7,"✅","·"))) | AC7: =IF($S7=0,0,IF($R7=0,-1,IF($R7>=$S7,1,0)))
A8: B | B8: Canada | C8: 0 | D8: 0 | E8: 0 | F8: 0 | G8: 0 | H8: =C8+D8+E8 | I8: =C8*3+D8 | J8: =F8-G8 | K8: =$I8*1000000000+($J8+1000)*100000+$F8*100+(51-ROW()) | L8: =IF($T8>0,$T8,SUMPRODUCT(($A$4:$A$51=$A8)*($K$4:$K$51>$K8))+1) | M8: =($L8<=2) | N8: =$I8+(3-$H8)*3 | O8: =SUMPRODUCT(($A$4:$A$51=$A8)*($I$4:$I$51>$N8))>=2 | P8: =IF(SUMPRODUCT(($A$4:$A$51=$A8)*($H$4:$H$51<3))=0,IF($M8,"Qualificata","Eliminata"),IF($O8,"Fuori dai giochi",IF($M8,"In zona qualif.","In corsa"))) | Q8: =IF($S8=0,"",IF($R8=0,"NON deve passare",IF($R8>=$S8,"DEVE passare","contesa"))) | R8: =COUNTIF(Scommesse!$D$2:$D$151,$B8)+COUNTIF(Scommesse!$E$2:$E$151,$B8) | S8: =COUNTIF(Scommesse!$C$2:$C$151,$A8) | U8: E | V8: =SUMPRODUCT(($A$4:$A$51=$U8)*($H$4:$H$51<3))=0 | X8: =$L8 | Y8: =$B8 | Z8: =$I8 | AA8: =MAX(0,3-$H8) | AB8: =IF($S8=0,"",IF($R8=0,"⛔",IF($R8>=$S8,"✅","·"))) | AC8: =IF($S8=0,0,IF($R8=0,-1,IF($R8>=$S8,1,0)))
A9: B | B9: Bosnia | C9: 0 | D9: 0 | E9: 0 | F9: 0 | G9: 0 | H9: =C9+D9+E9 | I9: =C9*3+D9 | J9: =F9-G9 | K9: =$I9*1000000000+($J9+1000)*100000+$F9*100+(51-ROW()) | L9: =IF($T9>0,$T9,SUMPRODUCT(($A$4:$A$51=$A9)*($K$4:$K$51>$K9))+1) | M9: =($L9<=2) | N9: =$I9+(3-$H9)*3 | O9: =SUMPRODUCT(($A$4:$A$51=$A9)*($I$4:$I$51>$N9))>=2 | P9: =IF(SUMPRODUCT(($A$4:$A$51=$A9)*($H$4:$H$51<3))=0,IF($M9,"Qualificata","Eliminata"),IF($O9,"Fuori dai giochi",IF($M9,"In zona qualif.","In corsa"))) | Q9: =IF($S9=0,"",IF($R9=0,"NON deve passare",IF($R9>=$S9,"DEVE passare","contesa"))) | R9: =COUNTIF(Scommesse!$D$2:$D$151,$B9)+COUNTIF(Scommesse!$E$2:$E$151,$B9) | S9: =COUNTIF(Scommesse!$C$2:$C$151,$A9) | U9: F | V9: =SUMPRODUCT(($A$4:$A$51=$U9)*($H$4:$H$51<3))=0 | X9: =$L9 | Y9: =$B9 | Z9: =$I9 | AA9: =MAX(0,3-$H9) | AB9: =IF($S9=0,"",IF($R9=0,"⛔",IF($R9>=$S9,"✅","·"))) | AC9: =IF($S9=0,0,IF($R9=0,-1,IF($R9>=$S9,1,0)))
A10: B | B10: Qatar | C10: 0 | D10: 0 | E10: 0 | F10: 0 | G10: 0 | H10: =C10+D10+E10 | I10: =C10*3+D10 | J10: =F10-G10 | K10: =$I10*1000000000+($J10+1000)*100000+$F10*100+(51-ROW()) | L10: =IF($T10>0,$T10,SUMPRODUCT(($A$4:$A$51=$A10)*($K$4:$K$51>$K10))+1) | M10: =($L10<=2) | N10: =$I10+(3-$H10)*3 | O10: =SUMPRODUCT(($A$4:$A$51=$A10)*($I$4:$I$51>$N10))>=2 | P10: =IF(SUMPRODUCT(($A$4:$A$51=$A10)*($H$4:$H$51<3))=0,IF($M10,"Qualificata","Eliminata"),IF($O10,"Fuori dai giochi",IF($M10,"In zona qualif.","In corsa"))) | Q10: =IF($S10=0,"",IF($R10=0,"NON deve passare",IF($R10>=$S10,"DEVE passare","contesa"))) | R10: =COUNTIF(Scommesse!$D$2:$D$151,$B10)+COUNTIF(Scommesse!$E$2:$E$151,$B10) | S10: =COUNTIF(Scommesse!$C$2:$C$151,$A10) | U10: G | V10: =SUMPRODUCT(($A$4:$A$51=$U10)*($H$4:$H$51<3))=0 | X10: =$L10 | Y10: =$B10 | Z10: =$I10 | AA10: =MAX(0,3-$H10) | AB10: =IF($S10=0,"",IF($R10=0,"⛔",IF($R10>=$S10,"✅","·"))) | AC10: =IF($S10=0,0,IF($R10=0,-1,IF($R10>=$S10,1,0)))
A11: B | B11: Svizzera | C11: 0 | D11: 0 | E11: 0 | F11: 0 | G11: 0 | H11: =C11+D11+E11 | I11: =C11*3+D11 | J11: =F11-G11 | K11: =$I11*1000000000+($J11+1000)*100000+$F11*100+(51-ROW()) | L11: =IF($T11>0,$T11,SUMPRODUCT(($A$4:$A$51=$A11)*($K$4:$K$51>$K11))+1) | M11: =($L11<=2) | N11: =$I11+(3-$H11)*3 | O11: =SUMPRODUCT(($A$4:$A$51=$A11)*($I$4:$I$51>$N11))>=2 | P11: =IF(SUMPRODUCT(($A$4:$A$51=$A11)*($H$4:$H$51<3))=0,IF($M11,"Qualificata","Eliminata"),IF($O11,"Fuori dai giochi",IF($M11,"In zona qualif.","In corsa"))) | Q11: =IF($S11=0,"",IF($R11=0,"NON deve passare",IF($R11>=$S11,"DEVE passare","contesa"))) | R11: =COUNTIF(Scommesse!$D$2:$D$151,$B11)+COUNTIF(Scommesse!$E$2:$E$151,$B11) | S11: =COUNTIF(Scommesse!$C$2:$C$151,$A11) | U11: H | V11: =SUMPRODUCT(($A$4:$A$51=$U11)*($H$4:$H$51<3))=0 | X11: =$L11 | Y11: =$B11 | Z11: =$I11 | AA11: =MAX(0,3-$H11) | AB11: =IF($S11=0,"",IF($R11=0,"⛔",IF($R11>=$S11,"✅","·"))) | AC11: =IF($S11=0,0,IF($R11=0,-1,IF($R11>=$S11,1,0)))
A12: C | B12: Brasile | C12: 0 | D12: 0 | E12: 0 | F12: 0 | G12: 0 | H12: =C12+D12+E12 | I12: =C12*3+D12 | J12: =F12-G12 | K12: =$I12*1000000000+($J12+1000)*100000+$F12*100+(51-ROW()) | L12: =IF($T12>0,$T12,SUMPRODUCT(($A$4:$A$51=$A12)*($K$4:$K$51>$K12))+1) | M12: =($L12<=2) | N12: =$I12+(3-$H12)*3 | O12: =SUMPRODUCT(($A$4:$A$51=$A12)*($I$4:$I$51>$N12))>=2 | P12: =IF(SUMPRODUCT(($A$4:$A$51=$A12)*($H$4:$H$51<3))=0,IF($M12,"Qualificata","Eliminata"),IF($O12,"Fuori dai giochi",IF($M12,"In zona qualif.","In corsa"))) | Q12: =IF($S12=0,"",IF($R12=0,"NON deve passare",IF($R12>=$S12,"DEVE passare","contesa"))) | R12: =COUNTIF(Scommesse!$D$2:$D$151,$B12)+COUNTIF(Scommesse!$E$2:$E$151,$B12) | S12: =COUNTIF(Scommesse!$C$2:$C$151,$A12) | U12: I | V12: =SUMPRODUCT(($A$4:$A$51=$U12)*($H$4:$H$51<3))=0 | X12: =$L12 | Y12: =$B12 | Z12: =$I12 | AA12: =MAX(0,3-$H12) | AB12: =IF($S12=0,"",IF($R12=0,"⛔",IF($R12>=$S12,"✅","·"))) | AC12: =IF($S12=0,0,IF($R12=0,-1,IF($R12>=$S12,1,0)))
A13: C | B13: Scozia | C13: 0 | D13: 0 | E13: 0 | F13: 0 | G13: 0 | H13: =C13+D13+E13 | I13: =C13*3+D13 | J13: =F13-G13 | K13: =$I13*1000000000+($J13+1000)*100000+$F13*100+(51-ROW()) | L13: =IF($T13>0,$T13,SUMPRODUCT(($A$4:$A$51=$A13)*($K$4:$K$51>$K13))+1) | M13: =($L13<=2) | N13: =$I13+(3-$H13)*3 | O13: =SUMPRODUCT(($A$4:$A$51=$A13)*($I$4:$I$51>$N13))>=2 | P13: =IF(SUMPRODUCT(($A$4:$A$51=$A13)*($H$4:$H$51<3))=0,IF($M13,"Qualificata","Eliminata"),IF($O13,"Fuori dai giochi",IF($M13,"In zona qualif.","In corsa"))) | Q13: =IF($S13=0,"",IF($R13=0,"NON deve passare",IF($R13>=$S13,"DEVE passare","contesa"))) | R13: =COUNTIF(Scommesse!$D$2:$D$151,$B13)+COUNTIF(Scommesse!$E$2:$E$151,$B13) | S13: =COUNTIF(Scommesse!$C$2:$C$151,$A13) | U13: J | V13: =SUMPRODUCT(($A$4:$A$51=$U13)*($H$4:$H$51<3))=0 | X13: =$L13 | Y13: =$B13 | Z13: =$I13 | AA13: =MAX(0,3-$H13) | AB13: =IF($S13=0,"",IF($R13=0,"⛔",IF($R13>=$S13,"✅","·"))) | AC13: =IF($S13=0,0,IF($R13=0,-1,IF($R13>=$S13,1,0)))
A14: C | B14: Marocco | C14: 0 | D14: 0 | E14: 0 | F14: 0 | G14: 0 | H14: =C14+D14+E14 | I14: =C14*3+D14 | J14: =F14-G14 | K14: =$I14*1000000000+($J14+1000)*100000+$F14*100+(51-ROW()) | L14: =IF($T14>0,$T14,SUMPRODUCT(($A$4:$A$51=$A14)*($K$4:$K$51>$K14))+1) | M14: =($L14<=2) | N14: =$I14+(3-$H14)*3 | O14: =SUMPRODUCT(($A$4:$A$51=$A14)*($I$4:$I$51>$N14))>=2 | P14: =IF(SUMPRODUCT(($A$4:$A$51=$A14)*($H$4:$H$51<3))=0,IF($M14,"Qualificata","Eliminata"),IF($O14,"Fuori dai giochi",IF($M14,"In zona qualif.","In corsa"))) | Q14: =IF($S14=0,"",IF($R14=0,"NON deve passare",IF($R14>=$S14,"DEVE passare","contesa"))) | R14: =COUNTIF(Scommesse!$D$2:$D$151,$B14)+COUNTIF(Scommesse!$E$2:$E$151,$B14) | S14: =COUNTIF(Scommesse!$C$2:$C$151,$A14) | U14: K | V14: =SUMPRODUCT(($A$4:$A$51=$U14)*($H$4:$H$51<3))=0 | X14: =$L14 | Y14: =$B14 | Z14: =$I14 | AA14: =MAX(0,3-$H14) | AB14: =IF($S14=0,"",IF($R14=0,"⛔",IF($R14>=$S14,"✅","·"))) | AC14: =IF($S14=0,0,IF($R14=0,-1,IF($R14>=$S14,1,0)))
A15: C | B15: Haiti | C15: 0 | D15: 0 | E15: 0 | F15: 0 | G15: 0 | H15: =C15+D15+E15 | I15: =C15*3+D15 | J15: =F15-G15 | K15: =$I15*1000000000+($J15+1000)*100000+$F15*100+(51-ROW()) | L15: =IF($T15>0,$T15,SUMPRODUCT(($A$4:$A$51=$A15)*($K$4:$K$51>$K15))+1) | M15: =($L15<=2) | N15: =$I15+(3-$H15)*3 | O15: =SUMPRODUCT(($A$4:$A$51=$A15)*($I$4:$I$51>$N15))>=2 | P15: =IF(SUMPRODUCT(($A$4:$A$51=$A15)*($H$4:$H$51<3))=0,IF($M15,"Qualificata","Eliminata"),IF($O15,"Fuori dai giochi",IF($M15,"In zona qualif.","In corsa"))) | Q15: =IF($S15=0,"",IF($R15=0,"NON deve passare",IF($R15>=$S15,"DEVE passare","contesa"))) | R15: =COUNTIF(Scommesse!$D$2:$D$151,$B15)+COUNTIF(Scommesse!$E$2:$E$151,$B15) | S15: =COUNTIF(Scommesse!$C$2:$C$151,$A15) | U15: L | V15: =SUMPRODUCT(($A$4:$A$51=$U15)*($H$4:$H$51<3))=0 | X15: =$L15 | Y15: =$B15 | Z15: =$I15 | AA15: =MAX(0,3-$H15) | AB15: =IF($S15=0,"",IF($R15=0,"⛔",IF($R15>=$S15,"✅","·"))) | AC15: =IF($S15=0,0,IF($R15=0,-1,IF($R15>=$S15,1,0)))
A16: D | B16: Stati Uniti | C16: 0 | D16: 0 | E16: 0 | F16: 0 | G16: 0 | H16: =C16+D16+E16 | I16: =C16*3+D16 | J16: =F16-G16 | K16: =$I16*1000000000+($J16+1000)*100000+$F16*100+(51-ROW()) | L16: =IF($T16>0,$T16,SUMPRODUCT(($A$4:$A$51=$A16)*($K$4:$K$51>$K16))+1) | M16: =($L16<=2) | N16: =$I16+(3-$H16)*3 | O16: =SUMPRODUCT(($A$4:$A$51=$A16)*($I$4:$I$51>$N16))>=2 | P16: =IF(SUMPRODUCT(($A$4:$A$51=$A16)*($H$4:$H$51<3))=0,IF($M16,"Qualificata","Eliminata"),IF($O16,"Fuori dai giochi",IF($M16,"In zona qualif.","In corsa"))) | Q16: =IF($S16=0,"",IF($R16=0,"NON deve passare",IF($R16>=$S16,"DEVE passare","contesa"))) | R16: =COUNTIF(Scommesse!$D$2:$D$151,$B16)+COUNTIF(Scommesse!$E$2:$E$151,$B16) | S16: =COUNTIF(Scommesse!$C$2:$C$151,$A16) | X16: =$L16 | Y16: =$B16 | Z16: =$I16 | AA16: =MAX(0,3-$H16) | AB16: =IF($S16=0,"",IF($R16=0,"⛔",IF($R16>=$S16,"✅","·"))) | AC16: =IF($S16=0,0,IF($R16=0,-1,IF($R16>=$S16,1,0)))
A17: D | B17: Turchia | C17: 0 | D17: 0 | E17: 0 | F17: 0 | G17: 0 | H17: =C17+D17+E17 | I17: =C17*3+D17 | J17: =F17-G17 | K17: =$I17*1000000000+($J17+1000)*100000+$F17*100+(51-ROW()) | L17: =IF($T17>0,$T17,SUMPRODUCT(($A$4:$A$51=$A17)*($K$4:$K$51>$K17))+1) | M17: =($L17<=2) | N17: =$I17+(3-$H17)*3 | O17: =SUMPRODUCT(($A$4:$A$51=$A17)*($I$4:$I$51>$N17))>=2 | P17: =IF(SUMPRODUCT(($A$4:$A$51=$A17)*($H$4:$H$51<3))=0,IF($M17,"Qualificata","Eliminata"),IF($O17,"Fuori dai giochi",IF($M17,"In zona qualif.","In corsa"))) | Q17: =IF($S17=0,"",IF($R17=0,"NON deve passare",IF($R17>=$S17,"DEVE passare","contesa"))) | R17: =COUNTIF(Scommesse!$D$2:$D$151,$B17)+COUNTIF(Scommesse!$E$2:$E$151,$B17) | S17: =COUNTIF(Scommesse!$C$2:$C$151,$A17) | X17: =$L17 | Y17: =$B17 | Z17: =$I17 | AA17: =MAX(0,3-$H17) | AB17: =IF($S17=0,"",IF($R17=0,"⛔",IF($R17>=$S17,"✅","·"))) | AC17: =IF($S17=0,0,IF($R17=0,-1,IF($R17>=$S17,1,0)))
A18: D | B18: Paraguay | C18: 0 | D18: 0 | E18: 0 | F18: 0 | G18: 0 | H18: =C18+D18+E18 | I18: =C18*3+D18 | J18: =F18-G18 | K18: =$I18*1000000000+($J18+1000)*100000+$F18*100+(51-ROW()) | L18: =IF($T18>0,$T18,SUMPRODUCT(($A$4:$A$51=$A18)*($K$4:$K$51>$K18))+1) | M18: =($L18<=2) | N18: =$I18+(3-$H18)*3 | O18: =SUMPRODUCT(($A$4:$A$51=$A18)*($I$4:$I$51>$N18))>=2 | P18: =IF(SUMPRODUCT(($A$4:$A$51=$A18)*($H$4:$H$51<3))=0,IF($M18,"Qualificata","Eliminata"),IF($O18,"Fuori dai giochi",IF($M18,"In zona qualif.","In corsa"))) | Q18: =IF($S18=0,"",IF($R18=0,"NON deve passare",IF($R18>=$S18,"DEVE passare","contesa"))) | R18: =COUNTIF(Scommesse!$D$2:$D$151,$B18)+COUNTIF(Scommesse!$E$2:$E$151,$B18) | S18: =COUNTIF(Scommesse!$C$2:$C$151,$A18) | X18: =$L18 | Y18: =$B18 | Z18: =$I18 | AA18: =MAX(0,3-$H18) | AB18: =IF($S18=0,"",IF($R18=0,"⛔",IF($R18>=$S18,"✅","·"))) | AC18: =IF($S18=0,0,IF($R18=0,-1,IF($R18>=$S18,1,0)))
A19: D | B19: Australia | C19: 0 | D19: 0 | E19: 0 | F19: 0 | G19: 0 | H19: =C19+D19+E19 | I19: =C19*3+D19 | J19: =F19-G19 | K19: =$I19*1000000000+($J19+1000)*100000+$F19*100+(51-ROW()) | L19: =IF($T19>0,$T19,SUMPRODUCT(($A$4:$A$51=$A19)*($K$4:$K$51>$K19))+1) | M19: =($L19<=2) | N19: =$I19+(3-$H19)*3 | O19: =SUMPRODUCT(($A$4:$A$51=$A19)*($I$4:$I$51>$N19))>=2 | P19: =IF(SUMPRODUCT(($A$4:$A$51=$A19)*($H$4:$H$51<3))=0,IF($M19,"Qualificata","Eliminata"),IF($O19,"Fuori dai giochi",IF($M19,"In zona qualif.","In corsa"))) | Q19: =IF($S19=0,"",IF($R19=0,"NON deve passare",IF($R19>=$S19,"DEVE passare","contesa"))) | R19: =COUNTIF(Scommesse!$D$2:$D$151,$B19)+COUNTIF(Scommesse!$E$2:$E$151,$B19) | S19: =COUNTIF(Scommesse!$C$2:$C$151,$A19) | X19: =$L19 | Y19: =$B19 | Z19: =$I19 | AA19: =MAX(0,3-$H19) | AB19: =IF($S19=0,"",IF($R19=0,"⛔",IF($R19>=$S19,"✅","·"))) | AC19: =IF($S19=0,0,IF($R19=0,-1,IF($R19>=$S19,1,0)))
A20: E | B20: Germania | C20: 0 | D20: 0 | E20: 0 | F20: 0 | G20: 0 | H20: =C20+D20+E20 | I20: =C20*3+D20 | J20: =F20-G20 | K20: =$I20*1000000000+($J20+1000)*100000+$F20*100+(51-ROW()) | L20: =IF($T20>0,$T20,SUMPRODUCT(($A$4:$A$51=$A20)*($K$4:$K$51>$K20))+1) | M20: =($L20<=2) | N20: =$I20+(3-$H20)*3 | O20: =SUMPRODUCT(($A$4:$A$51=$A20)*($I$4:$I$51>$N20))>=2 | P20: =IF(SUMPRODUCT(($A$4:$A$51=$A20)*($H$4:$H$51<3))=0,IF($M20,"Qualificata","Eliminata"),IF($O20,"Fuori dai giochi",IF($M20,"In zona qualif.","In corsa"))) | Q20: =IF($S20=0,"",IF($R20=0,"NON deve passare",IF($R20>=$S20,"DEVE passare","contesa"))) | R20: =COUNTIF(Scommesse!$D$2:$D$151,$B20)+COUNTIF(Scommesse!$E$2:$E$151,$B20) | S20: =COUNTIF(Scommesse!$C$2:$C$151,$A20) | X20: =$L20 | Y20: =$B20 | Z20: =$I20 | AA20: =MAX(0,3-$H20) | AB20: =IF($S20=0,"",IF($R20=0,"⛔",IF($R20>=$S20,"✅","·"))) | AC20: =IF($S20=0,0,IF($R20=0,-1,IF($R20>=$S20,1,0)))
A21: E | B21: Ecuador | C21: 0 | D21: 0 | E21: 0 | F21: 0 | G21: 0 | H21: =C21+D21+E21 | I21: =C21*3+D21 | J21: =F21-G21 | K21: =$I21*1000000000+($J21+1000)*100000+$F21*100+(51-ROW()) | L21: =IF($T21>0,$T21,SUMPRODUCT(($A$4:$A$51=$A21)*($K$4:$K$51>$K21))+1) | M21: =($L21<=2) | N21: =$I21+(3-$H21)*3 | O21: =SUMPRODUCT(($A$4:$A$51=$A21)*($I$4:$I$51>$N21))>=2 | P21: =IF(SUMPRODUCT(($A$4:$A$51=$A21)*($H$4:$H$51<3))=0,IF($M21,"Qualificata","Eliminata"),IF($O21,"Fuori dai giochi",IF($M21,"In zona qualif.","In corsa"))) | Q21: =IF($S21=0,"",IF($R21=0,"NON deve passare",IF($R21>=$S21,"DEVE passare","contesa"))) | R21: =COUNTIF(Scommesse!$D$2:$D$151,$B21)+COUNTIF(Scommesse!$E$2:$E$151,$B21) | S21: =COUNTIF(Scommesse!$C$2:$C$151,$A21) | X21: =$L21 | Y21: =$B21 | Z21: =$I21 | AA21: =MAX(0,3-$H21) | AB21: =IF($S21=0,"",IF($R21=0,"⛔",IF($R21>=$S21,"✅","·"))) | AC21: =IF($S21=0,0,IF($R21=0,-1,IF($R21>=$S21,1,0)))
A22: E | B22: Costa d'Avorio | C22: 0 | D22: 0 | E22: 0 | F22: 0 | G22: 0 | H22: =C22+D22+E22 | I22: =C22*3+D22 | J22: =F22-G22 | K22: =$I22*1000000000+($J22+1000)*100000+$F22*100+(51-ROW()) | L22: =IF($T22>0,$T22,SUMPRODUCT(($A$4:$A$51=$A22)*($K$4:$K$51>$K22))+1) | M22: =($L22<=2) | N22: =$I22+(3-$H22)*3 | O22: =SUMPRODUCT(($A$4:$A$51=$A22)*($I$4:$I$51>$N22))>=2 | P22: =IF(SUMPRODUCT(($A$4:$A$51=$A22)*($H$4:$H$51<3))=0,IF($M22,"Qualificata","Eliminata"),IF($O22,"Fuori dai giochi",IF($M22,"In zona qualif.","In corsa"))) | Q22: =IF($S22=0,"",IF($R22=0,"NON deve passare",IF($R22>=$S22,"DEVE passare","contesa"))) | R22: =COUNTIF(Scommesse!$D$2:$D$151,$B22)+COUNTIF(Scommesse!$E$2:$E$151,$B22) | S22: =COUNTIF(Scommesse!$C$2:$C$151,$A22) | X22: =$L22 | Y22: =$B22 | Z22: =$I22 | AA22: =MAX(0,3-$H22) | AB22: =IF($S22=0,"",IF($R22=0,"⛔",IF($R22>=$S22,"✅","·"))) | AC22: =IF($S22=0,0,IF($R22=0,-1,IF($R22>=$S22,1,0)))
A23: E | B23: Curaçao | C23: 0 | D23: 0 | E23: 0 | F23: 0 | G23: 0 | H23: =C23+D23+E23 | I23: =C23*3+D23 | J23: =F23-G23 | K23: =$I23*1000000000+($J23+1000)*100000+$F23*100+(51-ROW()) | L23: =IF($T23>0,$T23,SUMPRODUCT(($A$4:$A$51=$A23)*($K$4:$K$51>$K23))+1) | M23: =($L23<=2) | N23: =$I23+(3-$H23)*3 | O23: =SUMPRODUCT(($A$4:$A$51=$A23)*($I$4:$I$51>$N23))>=2 | P23: =IF(SUMPRODUCT(($A$4:$A$51=$A23)*($H$4:$H$51<3))=0,IF($M23,"Qualificata","Eliminata"),IF($O23,"Fuori dai giochi",IF($M23,"In zona qualif.","In corsa"))) | Q23: =IF($S23=0,"",IF($R23=0,"NON deve passare",IF($R23>=$S23,"DEVE passare","contesa"))) | R23: =COUNTIF(Scommesse!$D$2:$D$151,$B23)+COUNTIF(Scommesse!$E$2:$E$151,$B23) | S23: =COUNTIF(Scommesse!$C$2:$C$151,$A23) | X23: =$L23 | Y23: =$B23 | Z23: =$I23 | AA23: =MAX(0,3-$H23) | AB23: =IF($S23=0,"",IF($R23=0,"⛔",IF($R23>=$S23,"✅","·"))) | AC23: =IF($S23=0,0,IF($R23=0,-1,IF($R23>=$S23,1,0)))
A24: F | B24: Olanda | C24: 0 | D24: 0 | E24: 0 | F24: 0 | G24: 0 | H24: =C24+D24+E24 | I24: =C24*3+D24 | J24: =F24-G24 | K24: =$I24*1000000000+($J24+1000)*100000+$F24*100+(51-ROW()) | L24: =IF($T24>0,$T24,SUMPRODUCT(($A$4:$A$51=$A24)*($K$4:$K$51>$K24))+1) | M24: =($L24<=2) | N24: =$I24+(3-$H24)*3 | O24: =SUMPRODUCT(($A$4:$A$51=$A24)*($I$4:$I$51>$N24))>=2 | P24: =IF(SUMPRODUCT(($A$4:$A$51=$A24)*($H$4:$H$51<3))=0,IF($M24,"Qualificata","Eliminata"),IF($O24,"Fuori dai giochi",IF($M24,"In zona qualif.","In corsa"))) | Q24: =IF($S24=0,"",IF($R24=0,"NON deve passare",IF($R24>=$S24,"DEVE passare","contesa"))) | R24: =COUNTIF(Scommesse!$D$2:$D$151,$B24)+COUNTIF(Scommesse!$E$2:$E$151,$B24) | S24: =COUNTIF(Scommesse!$C$2:$C$151,$A24) | X24: =$L24 | Y24: =$B24 | Z24: =$I24 | AA24: =MAX(0,3-$H24) | AB24: =IF($S24=0,"",IF($R24=0,"⛔",IF($R24>=$S24,"✅","·"))) | AC24: =IF($S24=0,0,IF($R24=0,-1,IF($R24>=$S24,1,0)))
A25: F | B25: Giappone | C25: 0 | D25: 0 | E25: 0 | F25: 0 | G25: 0 | H25: =C25+D25+E25 | I25: =C25*3+D25 | J25: =F25-G25 | K25: =$I25*1000000000+($J25+1000)*100000+$F25*100+(51-ROW()) | L25: =IF($T25>0,$T25,SUMPRODUCT(($A$4:$A$51=$A25)*($K$4:$K$51>$K25))+1) | M25: =($L25<=2) | N25: =$I25+(3-$H25)*3 | O25: =SUMPRODUCT(($A$4:$A$51=$A25)*($I$4:$I$51>$N25))>=2 | P25: =IF(SUMPRODUCT(($A$4:$A$51=$A25)*($H$4:$H$51<3))=0,IF($M25,"Qualificata","Eliminata"),IF($O25,"Fuori dai giochi",IF($M25,"In zona qualif.","In corsa"))) | Q25: =IF($S25=0,"",IF($R25=0,"NON deve passare",IF($R25>=$S25,"DEVE passare","contesa"))) | R25: =COUNTIF(Scommesse!$D$2:$D$151,$B25)+COUNTIF(Scommesse!$E$2:$E$151,$B25) | S25: =COUNTIF(Scommesse!$C$2:$C$151,$A25) | X25: =$L25 | Y25: =$B25 | Z25: =$I25 | AA25: =MAX(0,3-$H25) | AB25: =IF($S25=0,"",IF($R25=0,"⛔",IF($R25>=$S25,"✅","·"))) | AC25: =IF($S25=0,0,IF($R25=0,-1,IF($R25>=$S25,1,0)))
A26: F | B26: Svezia | C26: 0 | D26: 0 | E26: 0 | F26: 0 | G26: 0 | H26: =C26+D26+E26 | I26: =C26*3+D26 | J26: =F26-G26 | K26: =$I26*1000000000+($J26+1000)*100000+$F26*100+(51-ROW()) | L26: =IF($T26>0,$T26,SUMPRODUCT(($A$4:$A$51=$A26)*($K$4:$K$51>$K26))+1) | M26: =($L26<=2) | N26: =$I26+(3-$H26)*3 | O26: =SUMPRODUCT(($A$4:$A$51=$A26)*($I$4:$I$51>$N26))>=2 | P26: =IF(SUMPRODUCT(($A$4:$A$51=$A26)*($H$4:$H$51<3))=0,IF($M26,"Qualificata","Eliminata"),IF($O26,"Fuori dai giochi",IF($M26,"In zona qualif.","In corsa"))) | Q26: =IF($S26=0,"",IF($R26=0,"NON deve passare",IF($R26>=$S26,"DEVE passare","contesa"))) | R26: =COUNTIF(Scommesse!$D$2:$D$151,$B26)+COUNTIF(Scommesse!$E$2:$E$151,$B26) | S26: =COUNTIF(Scommesse!$C$2:$C$151,$A26) | X26: =$L26 | Y26: =$B26 | Z26: =$I26 | AA26: =MAX(0,3-$H26) | AB26: =IF($S26=0,"",IF($R26=0,"⛔",IF($R26>=$S26,"✅","·"))) | AC26: =IF($S26=0,0,IF($R26=0,-1,IF($R26>=$S26,1,0)))
A27: F | B27: Tunisia | C27: 0 | D27: 0 | E27: 0 | F27: 0 | G27: 0 | H27: =C27+D27+E27 | I27: =C27*3+D27 | J27: =F27-G27 | K27: =$I27*1000000000+($J27+1000)*100000+$F27*100+(51-ROW()) | L27: =IF($T27>0,$T27,SUMPRODUCT(($A$4:$A$51=$A27)*($K$4:$K$51>$K27))+1) | M27: =($L27<=2) | N27: =$I27+(3-$H27)*3 | O27: =SUMPRODUCT(($A$4:$A$51=$A27)*($I$4:$I$51>$N27))>=2 | P27: =IF(SUMPRODUCT(($A$4:$A$51=$A27)*($H$4:$H$51<3))=0,IF($M27,"Qualificata","Eliminata"),IF($O27,"Fuori dai giochi",IF($M27,"In zona qualif.","In corsa"))) | Q27: =IF($S27=0,"",IF($R27=0,"NON deve passare",IF($R27>=$S27,"DEVE passare","contesa"))) | R27: =COUNTIF(Scommesse!$D$2:$D$151,$B27)+COUNTIF(Scommesse!$E$2:$E$151,$B27) | S27: =COUNTIF(Scommesse!$C$2:$C$151,$A27) | X27: =$L27 | Y27: =$B27 | Z27: =$I27 | AA27: =MAX(0,3-$H27) | AB27: =IF($S27=0,"",IF($R27=0,"⛔",IF($R27>=$S27,"✅","·"))) | AC27: =IF($S27=0,0,IF($R27=0,-1,IF($R27>=$S27,1,0)))
... A51: L | B51: Panama | C51: 0 | D51: 0 | E51: 0 | F51: 0 | G51: 0 | H51: =C51+D51+E51 | I51: =C51*3+D51 | J51: =F51-G51 | K51: =$I51*1000000000+($J51+1000)*100000+$F51*100+(51-ROW()) | L51: =IF($T51>0,$T51,SUMPRODUCT(($A$4:$A$51=$A51)*($K$4:$K$51>$K51))+1) | M51: =($L51<=2) | N51: =$I51+(3-$H51)*3 | O51: =SUMPRODUCT(($A$4:$A$51=$A51)*($I$4:$I$51>$N51))>=2 | P51: =IF(SUMPRODUCT(($A$4:$A$51=$A51)*($H$4:$H$51<3))=0,IF($M51,"Qualificata","Eliminata"),IF($O51,"Fuori dai giochi",IF($M51,"In zona qualif.","In corsa"))) | Q51: =IF($S51=0,"",IF($R51=0,"NON deve passare",IF($R51>=$S51,"DEVE passare","contesa"))) | R51: =COUNTIF(Scommesse!$D$2:$D$151,$B51)+COUNTIF(Scommesse!$E$2:$E$151,$B51) | S51: =COUNTIF(Scommesse!$C$2:$C$151,$A51) | X51: =$L51 | Y51: =$B51 | Z51: =$I51 | AA51: =MAX(0,3-$H51) | AB51: =IF($S51=0,"",IF($R51=0,"⛔",IF($R51>=$S51,"✅","·"))) | AC51: =IF($S51=0,0,IF($R51=0,-1,IF($R51>=$S51,1,0)))

Sheet Calcoli
A1: Bolletta | B1: Gruppo | C1: nSel | D1: satNow | E1: closed | F1: satClosed | G1: deadSel | H1: unsat | I1: code
A2: 1 | B2: C | C2: =COUNTIFS(Scommesse!$A$2:$A$151,$A2,Scommesse!$C$2:$C$151,$B2) | D2: =IF(SUMIFS(Scommesse!$Q$2:$Q$151,Scommesse!$A$2:$A$151,$A2,Scommesse!$C$2:$C$151,$B2)>0,1,0) | E2: =IFERROR(INDEX(Classifiche!$V$4:$V$15,MATCH($B2,Classifiche!$U$4:$U$15,0)),FALSE) | F2: =IF(AND($D2=1,$E2),1,0) | G2: =SUMIFS(Scommesse!$R$2:$R$151,Scommesse!$A$2:$A$151,$A2,Scommesse!$C$2:$C$151,$B2) | H2: =IF(AND($C2>0,$G2=$C2),1,0) | I2: =IF($F2=1,2,IF($H2=1,-2,IF($D2=1,1,-1)))
A3: 1 | B3: D | C3: =COUNTIFS(Scommesse!$A$2:$A$151,$A3,Scommesse!$C$2:$C$151,$B3) | D3: =IF(SUMIFS(Scommesse!$Q$2:$Q$151,Scommesse!$A$2:$A$151,$A3,Scommesse!$C$2:$C$151,$B3)>0,1,0) | E3: =IFERROR(INDEX(Classifiche!$V$4:$V$15,MATCH($B3,Classifiche!$U$4:$U$15,0)),FALSE) | F3: =IF(AND($D3=1,$E3),1,0) | G3: =SUMIFS(Scommesse!$R$2:$R$151,Scommesse!$A$2:$A$151,$A3,Scommesse!$C$2:$C$151,$B3) | H3: =IF(AND($C3>0,$G3=$C3),1,0) | I3: =IF($F3=1,2,IF($H3=1,-2,IF($D3=1,1,-1)))
A4: 1 | B4: E | C4: =COUNTIFS(Scommesse!$A$2:$A$151,$A4,Scommesse!$C$2:$C$151,$B4) | D4: =IF(SUMIFS(Scommesse!$Q$2:$Q$151,Scommesse!$A$2:$A$151,$A4,Scommesse!$C$2:$C$151,$B4)>0,1,0) | E4: =IFERROR(INDEX(Classifiche!$V$4:$V$15,MATCH($B4,Classifiche!$U$4:$U$15,0)),FALSE) | F4: =IF(AND($D4=1,$E4),1,0) | G4: =SUMIFS(Scommesse!$R$2:$R$151,Scommesse!$A$2:$A$151,$A4,Scommesse!$C$2:$C$151,$B4) | H4: =IF(AND($C4>0,$G4=$C4),1,0) | I4: =IF($F4=1,2,IF($H4=1,-2,IF($D4=1,1,-1)))
A5: 1 | B5: F | C5: =COUNTIFS(Scommesse!$A$2:$A$151,$A5,Scommesse!$C$2:$C$151,$B5) | D5: =IF(SUMIFS(Scommesse!$Q$2:$Q$151,Scommesse!$A$2:$A$151,$A5,Scommesse!$C$2:$C$151,$B5)>0,1,0) | E5: =IFERROR(INDEX(Classifiche!$V$4:$V$15,MATCH($B5,Classifiche!$U$4:$U$15,0)),FALSE) | F5: =IF(AND($D5=1,$E5),1,0) | G5: =SUMIFS(Scommesse!$R$2:$R$151,Scommesse!$A$2:$A$151,$A5,Scommesse!$C$2:$C$151,$B5) | H5: =IF(AND($C5>0,$G5=$C5),1,0) | I5: =IF($F5=1,2,IF($H5=1,-2,IF($D5=1,1,-1)))
A6: 1 | B6: G | C6: =COUNTIFS(Scommesse!$A$2:$A$151,$A6,Scommesse!$C$2:$C$151,$B6) | D6: =IF(SUMIFS(Scommesse!$Q$2:$Q$151,Scommesse!$A$2:$A$151,$A6,Scommesse!$C$2:$C$151,$B6)>0,1,0) | E6: =IFERROR(INDEX(Classifiche!$V$4:$V$15,MATCH($B6,Classifiche!$U$4:$U$15,0)),FALSE) | F6: =IF(AND($D6=1,$E6),1,0) | G6: =SUMIFS(Scommesse!$R$2:$R$151,Scommesse!$A$2:$A$151,$A6,Scommesse!$C$2:$C$151,$B6) | H6: =IF(AND($C6>0,$G6=$C6),1,0) | I6: =IF($F6=1,2,IF($H6=1,-2,IF($D6=1,1,-1)))
A7: 1 | B7: H | C7: =COUNTIFS(Scommesse!$A$2:$A$151,$A7,Scommesse!$C$2:$C$151,$B7) | D7: =IF(SUMIFS(Scommesse!$Q$2:$Q$151,Scommesse!$A$2:$A$151,$A7,Scommesse!$C$2:$C$151,$B7)>0,1,0) | E7: =IFERROR(INDEX(Classifiche!$V$4:$V$15,MATCH($B7,Classifiche!$U$4:$U$15,0)),FALSE) | F7: =IF(AND($D7=1,$E7),1,0) | G7: =SUMIFS(Scommesse!$R$2:$R$151,Scommesse!$A$2:$A$151,$A7,Scommesse!$C$2:$C$151,$B7) | H7: =IF(AND($C7>0,$G7=$C7),1,0) | I7: =IF($F7=1,2,IF($H7=1,-2,IF($D7=1,1,-1)))
A8: 1 | B8: I | C8: =COUNTIFS(Scommesse!$A$2:$A$151,$A8,Scommesse!$C$2:$C$151,$B8) | D8: =IF(SUMIFS(Scommesse!$Q$2:$Q$151,Scommesse!$A$2:$A$151,$A8,Scommesse!$C$2:$C$151,$B8)>0,1,0) | E8: =IFERROR(INDEX(Classifiche!$V$4:$V$15,MATCH($B8,Classifiche!$U$4:$U$15,0)),FALSE) | F8: =IF(AND($D8=1,$E8),1,0) | G8: =SUMIFS(Scommesse!$R$2:$R$151,Scommesse!$A$2:$A$151,$A8,Scommesse!$C$2:$C$151,$B8) | H8: =IF(AND($C8>0,$G8=$C8),1,0) | I8: =IF($F8=1,2,IF($H8=1,-2,IF($D8=1,1,-1)))
A9: 1 | B9: J | C9: =COUNTIFS(Scommesse!$A$2:$A$151,$A9,Scommesse!$C$2:$C$151,$B9) | D9: =IF(SUMIFS(Scommesse!$Q$2:$Q$151,Scommesse!$A$2:$A$151,$A9,Scommesse!$C$2:$C$151,$B9)>0,1,0) | E9: =IFERROR(INDEX(Classifiche!$V$4:$V$15,MATCH($B9,Classifiche!$U$4:$U$15,0)),FALSE) | F9: =IF(AND($D9=1,$E9),1,0) | G9: =SUMIFS(Scommesse!$R$2:$R$151,Scommesse!$A$2:$A$151,$A9,Scommesse!$C$2:$C$151,$B9) | H9: =IF(AND($C9>0,$G9=$C9),1,0) | I9: =IF($F9=1,2,IF($H9=1,-2,IF($D9=1,1,-1)))
A10: 1 | B10: K | C10: =COUNTIFS(Scommesse!$A$2:$A$151,$A10,Scommesse!$C$2:$C$151,$B10) | D10: =IF(SUMIFS(Scommesse!$Q$2:$Q$151,Scommesse!$A$2:$A$151,$A10,Scommesse!$C$2:$C$151,$B10)>0,1,0) | E10: =IFERROR(INDEX(Classifiche!$V$4:$V$15,MATCH($B10,Classifiche!$U$4:$U$15,0)),FALSE) | F10: =IF(AND($D10=1,$E10),1,0) | G10: =SUMIFS(Scommesse!$R$2:$R$151,Scommesse!$A$2:$A$151,$A10,Scommesse!$C$2:$C$151,$B10) | H10: =IF(AND($C10>0,$G10=$C10),1,0) | I10: =IF($F10=1,2,IF($H10=1,-2,IF($D10=1,1,-1)))
A11: 1 | B11: L | C11: =COUNTIFS(Scommesse!$A$2:$A$151,$A11,Scommesse!$C$2:$C$151,$B11) | D11: =IF(SUMIFS(Scommesse!$Q$2:$Q$151,Scommesse!$A$2:$A$151,$A11,Scommesse!$C$2:$C$151,$B11)>0,1,0) | E11: =IFERROR(INDEX(Classifiche!$V$4:$V$15,MATCH($B11,Classifiche!$U$4:$U$15,0)),FALSE) | F11: =IF(AND($D11=1,$E11),1,0) | G11: =SUMIFS(Scommesse!$R$2:$R$151,Scommesse!$A$2:$A$151,$A11,Scommesse!$C$2:$C$151,$B11) | H11: =IF(AND($C11>0,$G11=$C11),1,0) | I11: =IF($F11=1,2,IF($H11=1,-2,IF($D11=1,1,-1)))
A12: 2 | B12: C | C12: =COUNTIFS(Scommesse!$A$2:$A$151,$A12,Scommesse!$C$2:$C$151,$B12) | D12: =IF(SUMIFS(Scommesse!$Q$2:$Q$151,Scommesse!$A$2:$A$151,$A12,Scommesse!$C$2:$C$151,$B12)>0,1,0) | E12: =IFERROR(INDEX(Classifiche!$V$4:$V$15,MATCH($B12,Classifiche!$U$4:$U$15,0)),FALSE) | F12: =IF(AND($D12=1,$E12),1,0) | G12: =SUMIFS(Scommesse!$R$2:$R$151,Scommesse!$A$2:$A$151,$A12,Scommesse!$C$2:$C$151,$B12) | H12: =IF(AND($C12>0,$G12=$C12),1,0) | I12: =IF($F12=1,2,IF($H12=1,-2,IF($D12=1,1,-1)))
A13: 2 | B13: D | C13: =COUNTIFS(Scommesse!$A$2:$A$151,$A13,Scommesse!$C$2:$C$151,$B13) | D13: =IF(SUMIFS(Scommesse!$Q$2:$Q$151,Scommesse!$A$2:$A$151,$A13,Scommesse!$C$2:$C$151,$B13)>0,1,0) | E13: =IFERROR(INDEX(Classifiche!$V$4:$V$15,MATCH($B13,Classifiche!$U$4:$U$15,0)),FALSE) | F13: =IF(AND($D13=1,$E13),1,0) | G13: =SUMIFS(Scommesse!$R$2:$R$151,Scommesse!$A$2:$A$151,$A13,Scommesse!$C$2:$C$151,$B13) | H13: =IF(AND($C13>0,$G13=$C13),1,0) | I13: =IF($F13=1,2,IF($H13=1,-2,IF($D13=1,1,-1)))
... A91: 9 | B91: L | C91: =COUNTIFS(Scommesse!$A$2:$A$151,$A91,Scommesse!$C$2:$C$151,$B91) | D91: =IF(SUMIFS(Scommesse!$Q$2:$Q$151,Scommesse!$A$2:$A$151,$A91,Scommesse!$C$2:$C$151,$B91)>0,1,0) | E91: =IFERROR(INDEX(Classifiche!$V$4:$V$15,MATCH($B91,Classifiche!$U$4:$U$15,0)),FALSE) | F91: =IF(AND($D91=1,$E91),1,0) | G91: =SUMIFS(Scommesse!$R$2:$R$151,Scommesse!$A$2:$A$151,$A91,Scommesse!$C$2:$C$151,$B91) | H91: =IF(AND($C91>0,$G91=$C91),1,0) | I91: =IF($F91=1,2,IF($H91=1,-2,IF($D91=1,1,-1)))

Sheet Riepilogo
A1: RIEPILOGO BOLLETTE - stato live | F1: Ultimo aggiornamento: | H1: =Config!$B$2
F2: Stato: | H2: =Config!$B$3
A3: Bolletta | B3: Punt./comb | C3: N. comb. | D3: Importo | E3: Vinc. min | F3: Vinc. max | G3: Gironi OK | H3: STATO | I3: Definitivo | J3: Vincita attuale stimata | K3: _tot | L3: _satNow | M3: _satClosed | N3: _unsat | O3: _code
A4: Bolletta 1 | B4: 0.1 | C4: 54 | D4: 5.4 | E4: 82.14 | F4: 5328.24 | G4: =$L4&"/"&$K4 | H4: =IF($M4=$K4,"VINCENTE (def.)",IF($N4>0,"PERDENTE (def.)",IF($L4=$K4,"Vincente (provv.)","Perdente (provv.)"))) | I4: =IF(OR($M4=$K4,$N4>0),"SI","NO") | J4: =IFERROR(IF($L4=$K4,$B4*EXP(SUMPRODUCT((Scommesse!$A$2:$A$151=VALUE(MID($A4,10,3)))*(Scommesse!$Q$2:$Q$151)*LN(Scommesse!$F$2:$F$151))),"-"),"-") | K4: =COUNTIFS(Calcoli!$A$2:$A$91,VALUE(MID($A4,10,3))) | L4: =SUMIFS(Calcoli!$D$2:$D$91,Calcoli!$A$2:$A$91,VALUE(MID($A4,10,3))) | M4: =SUMIFS(Calcoli!$F$2:$F$91,Calcoli!$A$2:$A$91,VALUE(MID($A4,10,3))) | N4: =SUMIFS(Calcoli!$H$2:$H$91,Calcoli!$A$2:$A$91,VALUE(MID($A4,10,3))) | O4: =IF($M4=$K4,2,IF($N4>0,-2,IF($L4=$K4,1,-1)))
A5: Bolletta 2 | B5: 0.1 | C5: 54 | D5: 5.4 | E5: 79.65 | F5: 5166.78 | G5: =$L5&"/"&$K5 | H5: =IF($M5=$K5,"VINCENTE (def.)",IF($N5>0,"PERDENTE (def.)",IF($L5=$K5,"Vincente (provv.)","Perdente (provv.)"))) | I5: =IF(OR($M5=$K5,$N5>0),"SI","NO") | J5: =IFERROR(IF($L5=$K5,$B5*EXP(SUMPRODUCT((Scommesse!$A$2:$A$151=VALUE(MID($A5,10,3)))*(Scommesse!$Q$2:$Q$151)*LN(Scommesse!$F$2:$F$151))),"-"),"-") | K5: =COUNTIFS(Calcoli!$A$2:$A$91,VALUE(MID($A5,10,3))) | L5: =SUMIFS(Calcoli!$D$2:$D$91,Calcoli!$A$2:$A$91,VALUE(MID($A5,10,3))) | M5: =SUMIFS(Calcoli!$F$2:$F$91,Calcoli!$A$2:$A$91,VALUE(MID($A5,10,3))) | N5: =SUMIFS(Calcoli!$H$2:$H$91,Calcoli!$A$2:$A$91,VALUE(MID($A5,10,3))) | O5: =IF($M5=$K5,2,IF($N5>0,-2,IF($L5=$K5,1,-1)))
A6: Bolletta 3 | B6: 0.15 | C6: 18 | D6: 2.7 | E6: 369.47 | F6: 5911.56 | G6: =$L6&"/"&$K6 | H6: =IF($M6=$K6,"VINCENTE (def.)",IF($N6>0,"PERDENTE (def.)",IF($L6=$K6,"Vincente (provv.)","Perdente (provv.)"))) | I6: =IF(OR($M6=$K6,$N6>0),"SI","NO") | J6: =IFERROR(IF($L6=$K6,$B6*EXP(SUMPRODUCT((Scommesse!$A$2:$A$151=VALUE(MID($A6,10,3)))*(Scommesse!$Q$2:$Q$151)*LN(Scommesse!$F$2:$F$151))),"-"),"-") | K6: =COUNTIFS(Calcoli!$A$2:$A$91,VALUE(MID($A6,10,3))) | L6: =SUMIFS(Calcoli!$D$2:$D$91,Calcoli!$A$2:$A$91,VALUE(MID($A6,10,3))) | M6: =SUMIFS(Calcoli!$F$2:$F$91,Calcoli!$A$2:$A$91,VALUE(MID($A6,10,3))) | N6: =SUMIFS(Calcoli!$H$2:$H$91,Calcoli!$A$2:$A$91,VALUE(MID($A6,10,3))) | O6: =IF($M6=$K6,2,IF($N6>0,-2,IF($L6=$K6,1,-1)))
A7: Bolletta 4 | B7: 0.2 | C7: 36 | D7: 7.2 | E7: 121.51 | F7: 2627.36 | G7: =$L7&"/"&$K7 | H7: =IF($M7=$K7,"VINCENTE (def.)",IF($N7>0,"PERDENTE (def.)",IF($L7=$K7,"Vincente (provv.)","Perdente (provv.)"))) | I7: =IF(OR($M7=$K7,$N7>0),"SI","NO") | J7: =IFERROR(IF($L7=$K7,$B7*EXP(SUMPRODUCT((Scommesse!$A$2:$A$151=VALUE(MID($A7,10,3)))*(Scommesse!$Q$2:$Q$151)*LN(Scommesse!$F$2:$F$151))),"-"),"-") | K7: =COUNTIFS(Calcoli!$A$2:$A$91,VALUE(MID($A7,10,3))) | L7: =SUMIFS(Calcoli!$D$2:$D$91,Calcoli!$A$2:$A$91,VALUE(MID($A7,10,3))) | M7: =SUMIFS(Calcoli!$F$2:$F$91,Calcoli!$A$2:$A$91,VALUE(MID($A7,10,3))) | N7: =SUMIFS(Calcoli!$H$2:$H$91,Calcoli!$A$2:$A$91,VALUE(MID($A7,10,3))) | O7: =IF($M7=$K7,2,IF($N7>0,-2,IF($L7=$K7,1,-1)))
A8: Bolletta 5 | B8: 0.3 | C8: 54 | D8: 16.2 | E8: 58.03 | F8: 3822.63 | G8: =$L8&"/"&$K8 | H8: =IF($M8=$K8,"VINCENTE (def.)",IF($N8>0,"PERDENTE (def.)",IF($L8=$K8,"Vincente (provv.)","Perdente (provv.)"))) | I8: =IF(OR($M8=$K8,$N8>0),"SI","NO") | J8: =IFERROR(IF($L8=$K8,$B8*EXP(SUMPRODUCT((Scommesse!$A$2:$A$151=VALUE(MID($A8,10,3)))*(Scommesse!$Q$2:$Q$151)*LN(Scommesse!$F$2:$F$151))),"-"),"-") | K8: =COUNTIFS(Calcoli!$A$2:$A$91,VALUE(MID($A8,10,3))) | L8: =SUMIFS(Calcoli!$D$2:$D$91,Calcoli!$A$2:$A$91,VALUE(MID($A8,10,3))) | M8: =SUMIFS(Calcoli!$F$2:$F$91,Calcoli!$A$2:$A$91,VALUE(MID($A8,10,3))) | N8: =SUMIFS(Calcoli!$H$2:$H$91,Calcoli!$A$2:$A$91,VALUE(MID($A8,10,3))) | O8: =IF($M8=$K8,2,IF($N8>0,-2,IF($L8=$K8,1,-1)))
A9: Bolletta 6 | B9: 0.2 | C9: 54 | D9: 10.8 | E9: 101.85 | F9: 6607.02 | G9: =$L9&"/"&$K9 | H9: =IF($M9=$K9,"VINCENTE (def.)",IF($N9>0,"PERDENTE (def.)",IF($L9=$K9,"Vincente (provv.)","Perdente (provv.)"))) | I9: =IF(OR($M9=$K9,$N9>0),"SI","NO") | J9: =IFERROR(IF($L9=$K9,$B9*EXP(SUMPRODUCT((Scommesse!$A$2:$A$151=VALUE(MID($A9,10,3)))*(Scommesse!$Q$2:$Q$151)*LN(Scommesse!$F$2:$F$151))),"-"),"-") | K9: =COUNTIFS(Calcoli!$A$2:$A$91,VALUE(MID($A9,10,3))) | L9: =SUMIFS(Calcoli!$D$2:$D$91,Calcoli!$A$2:$A$91,VALUE(MID($A9,10,3))) | M9: =SUMIFS(Calcoli!$F$2:$F$91,Calcoli!$A$2:$A$91,VALUE(MID($A9,10,3))) | N9: =SUMIFS(Calcoli!$H$2:$H$91,Calcoli!$A$2:$A$91,VALUE(MID($A9,10,3))) | O9: =IF($M9=$K9,2,IF($N9>0,-2,IF($L9=$K9,1,-1)))
A10: Bolletta 7 | B10: 0.2 | C10: 54 | D10: 10.8 | E10: 98.77 | F10: 6406.81 | G10: =$L10&"/"&$K10 | H10: =IF($M10=$K10,"VINCENTE (def.)",IF($N10>0,"PERDENTE (def.)",IF($L10=$K10,"Vincente (provv.)","Perdente (provv.)"))) | I10: =IF(OR($M10=$K10,$N10>0),"SI","NO") | J10: =IFERROR(IF($L10=$K10,$B10*EXP(SUMPRODUCT((Scommesse!$A$2:$A$151=VALUE(MID($A10,10,3)))*(Scommesse!$Q$2:$Q$151)*LN(Scommesse!$F$2:$F$151))),"-"),"-") | K10: =COUNTIFS(Calcoli!$A$2:$A$91,VALUE(MID($A10,10,3))) | L10: =SUMIFS(Calcoli!$D$2:$D$91,Calcoli!$A$2:$A$91,VALUE(MID($A10,10,3))) | M10: =SUMIFS(Calcoli!$F$2:$F$91,Calcoli!$A$2:$A$91,VALUE(MID($A10,10,3))) | N10: =SUMIFS(Calcoli!$H$2:$H$91,Calcoli!$A$2:$A$91,VALUE(MID($A10,10,3))) | O10: =IF($M10=$K10,2,IF($N10>0,-2,IF($L10=$K10,1,-1)))
A11: Bolletta 8 | B11: 0.05 | C11: 54 | D11: 2.7 | E11: 128.59 | F11: 8211.86 | G11: =$L11&"/"&$K11 | H11: =IF($M11=$K11,"VINCENTE (def.)",IF($N11>0,"PERDENTE (def.)",IF($L11=$K11,"Vincente (provv.)","Perdente (provv.)"))) | I11: =IF(OR($M11=$K11,$N11>0),"SI","NO") | J11: =IFERROR(IF($L11=$K11,$B11*EXP(SUMPRODUCT((Scommesse!$A$2:$A$151=VALUE(MID($A11,10,3)))*(Scommesse!$Q$2:$Q$151)*LN(Scommesse!$F$2:$F$151))),"-"),"-") | K11: =COUNTIFS(Calcoli!$A$2:$A$91,VALUE(MID($A11,10,3))) | L11: =SUMIFS(Calcoli!$D$2:$D$91,Calcoli!$A$2:$A$91,VALUE(MID($A11,10,3))) | M11: =SUMIFS(Calcoli!$F$2:$F$91,Calcoli!$A$2:$A$91,VALUE(MID($A11,10,3))) | N11: =SUMIFS(Calcoli!$H$2:$H$91,Calcoli!$A$2:$A$91,VALUE(MID($A11,10,3))) | O11: =IF($M11=$K11,2,IF($N11>0,-2,IF($L11=$K11,1,-1)))
A12: Bolletta 9 | B12: 0.05 | C12: 54 | D12: 2.7 | E12: 108.48 | F12: 6906.99 | G12: =$L12&"/"&$K12 | H12: =IF($M12=$K12,"VINCENTE (def.)",IF($N12>0,"PERDENTE (def.)",IF($L12=$K12,"Vincente (provv.)","Perdente (provv.)"))) | I12: =IF(OR($M12=$K12,$N12>0),"SI","NO") | J12: =IFERROR(IF($L12=$K12,$B12*EXP(SUMPRODUCT((Scommesse!$A$2:$A$151=VALUE(MID($A12,10,3)))*(Scommesse!$Q$2:$Q$151)*LN(Scommesse!$F$2:$F$151))),"-"),"-") | K12: =COUNTIFS(Calcoli!$A$2:$A$91,VALUE(MID($A12,10,3))) | L12: =SUMIFS(Calcoli!$D$2:$D$91,Calcoli!$A$2:$A$91,VALUE(MID($A12,10,3))) | M12: =SUMIFS(Calcoli!$F$2:$F$91,Calcoli!$A$2:$A$91,VALUE(MID($A12,10,3))) | N12: =SUMIFS(Calcoli!$H$2:$H$91,Calcoli!$A$2:$A$91,VALUE(MID($A12,10,3))) | O12: =IF($M12=$K12,2,IF($N12>0,-2,IF($L12=$K12,1,-1)))

Sheet Config
A1: Modalita' simulazione (SIM) | B1: OFF
A2: Ultimo aggiornamento dati | B2: (in attesa dello script)
A3: Stato aggiornamento | B3: (in attesa dello script)
A4: Fonte dati | B4: football-data.org - World Cup
A7: SIM = ON -> lo script NON sovrascrive: puoi simulare i risultati a mano nelle celle gialle del foglio Classifiche.
A8: SIM = OFF -> lo script aggiorna i risultati reali da football-data.org, ma SOLO durante le partite
A9: (finestra: inizio partita -> +155 min). Fuori dalle partite resta fermo (vedi 'Stato aggiornamento').
A10: Per attivare il live: vedi foglio Istruzioni (Estensioni > Apps Script).

Sheet Istruzioni
A1: SCOMMESSE MONDIALI 2026 - GUIDA
A3: 1) CARICA SU GOOGLE DRIVE: trascina questo file su drive.google.com, poi aprilo e 'Apri con Fogli Google'
A4: (oppure File > Salva come Fogli Google). Le formule funzionano subito.
A6: 2) DATI LIVE (auto-aggiornamento) - fonte: football-data.org:
A7: a. Registrati gratis su football-data.org/client/register e ottieni un token via email.
A8: b. Menu Estensioni > Apps Script ; incolla il file Codice.gs e metti il token in API_TOKEN. Salva.
A9: c. Esegui una volta 'updateStandings' e autorizza i permessi richiesti.
A10: d. Riapri il foglio: menu '⚽ Scommesse' > 'Installa aggiornamento automatico'.
A11: -> I risultati si aggiornano da soli ogni 15 min MA SOLO durante le partite (vedi 'Stato' qui sopra).
A12: I collaboratori col link vedono i dati in tempo reale, senza consumare chiamate API.
A14: 3) CONDIVIDI: pulsante Condividi (in alto a destra) > 'Chiunque abbia il link' > Visualizzatore. Copia il link.
A16: 4) SIMULAZIONE: nel foglio Config metti SIM = ON. Lo script smette di sovrascrivere; nel foglio Classifiche
... A23: Nota: quota Belgio/Nuova Zelanda della Bolletta 1 stimata a 2,50 (era illeggibile sullo scontrino).
